N_CHEQUE;BENEFICIARIO;FECHA_PAGO;FECHA_EMISION;IMPORTE;ESTADO_BANCO;ESTADO;BANCO;ID_CHEQUE;CUENTA_LIBRADORA;ARCHIVO_ORIGEN;TIPO
2761;CLINICA CHUTRO S.R.L.;2025-07-11;;348878,08;Vencido;rechazado;BANCO DE GALICIA Y BUENOS AIRES S.A.U.;GOW9MZ15JEZ2EXD;193838;Cheques emitidos (3).csv;emitido
2760;CLINICA CHUTRO S.R.L.;2025-07-11;;242789,73;Vencido;rechazado;BANCO DE GALICIA Y BUENOS AIRES S.A.U.;RPQ2G1MODX09GLY;193838;Cheques emitidos (3).csv;emitido
2861;EL JUNCO SERVICIOS SOCIALES S.A.;2025-07-13;;9246,0;Pagado;acreditado;BANCO DE GALICIA Y BUENOS AIRES S.A.U.;W612E15LLPQNGXY;193838;Cheques emitidos (3).csv;emitido
2860;EL JUNCO SERVICIOS SOCIALES S.A.;2025-07-13;;56354,0;Pagado;acreditado;BANCO DE GALICIA Y BUENOS AIRES S.A.U.;RZP9047JJYP2EGJ;193838;Cheques emitidos (3).csv;emitido
2869;IMAGENES SRL PRIVADO;2025-07-15;;130957,25;Vencido;rechazado;BANCO DE GALICIA Y BUENOS AIRES S.A.U.;EZ8NPJLXX51N4KV;193838;Cheques emitidos (3).csv;emitido
2895;UROLIT SA;2025-07-16;;35704,0;Pagado;acreditado;BANCO DE GALICIA Y BUENOS AIRES S.A.U.;XJE275JEELON7MY;193838;Cheques emitidos (3).csv;emitido
2896;UROLIT SA;2025-07-16;;341883,0;Pagado;acreditado;BANCO DE GALICIA Y BUENOS AIRES S.A.U.;6DVNO0JOOLM25J8;193838;Cheques emitidos (3).csv;emitido
2920;PROMET SRL;2025-07-18;;6371613,88;Pagado;acreditado;BANCO DE GALICIA Y BUENOS AIRES S.A.U.;RPQ2G1P43RG9GLY;193838;Cheques emitidos (3).csv;emitido
2754;CLINICA PRIVADA INTEGRAL DE PSIQUIATRIA;2025-07-21;;241095,0;Pagado;acreditado;BANCO DE GALICIA Y BUENOS AIRES S.A.U.;6LEN85P3QRPNM1Y;193838;Cheques emitidos (3).csv;emitido
2755;CLINICA PRIVADA INTEGRAL DE PSIQUIATRIA;2025-07-21;;1333575,0;Pagado;acreditado;BANCO DE GALICIA Y BUENOS AIRES S.A.U.;4MR2ZR7Y1K8NDEZ;193838;Cheques emitidos (3).csv;emitido
2947;CLINICA PRIVADA DEAN FUNES S.R.L.;2025-07-21;;76656,0;Pagado;acreditado;BANCO DE GALICIA Y BUENOS AIRES S.A.U.;ZEPN66LYZZPNQ0M;193838;Cheques emitidos (3).csv;emitido
3032;BARROSO, FRANCO JOEL;2025-07-23;;30525,0;Pagado;acreditado;BANCO DE GALICIA Y BUENOS AIRES S.A.U.;G7V954J76MMNEMP;193838;Cheques emitidos (3).csv;emitido
2997;CENTRO DE BIOQUIMICOS REGIONAL DE RIO CU;2025-07-23;;52122,0;Pagado;acreditado;BANCO DE GALICIA Y BUENOS AIRES S.A.U.;KYZ9Q64GK8P9V50;193838;Cheques emitidos (3).csv;emitido
3038;GRUPO OPTICO S.A.;2025-07-24;;174439,0;Pagado;acreditado;BANCO DE GALICIA Y BUENOS AIRES S.A.U.;O172V61PKM0NKJ3;193838;Cheques emitidos (3).csv;emitido
3037;GRUPO OPTICO S.A.;2025-07-24;;3857,0;Pagado;acreditado;BANCO DE GALICIA Y BUENOS AIRES S.A.U.;ZEPN66RYXWVNQ0M;193838;Cheques emitidos (3).csv;emitido
2999;CENTRO PRIVADO DE R.M.I. RIO CUARTO S.A.;2025-07-24;;156160,0;Pagado;acreditado;BANCO DE GALICIA Y BUENOS AIRES S.A.U.;XJE274Q68W627MY;193838;Cheques emitidos (3).csv;emitido
3033;FUNDACION CENTRO PREVENCION Y;2025-07-24;;550000,0;Pagado;acreditado;BANCO DE GALICIA Y BUENOS AIRES S.A.U.;MKX9R61PK0ENO6W;193838;Cheques emitidos (3).csv;emitido
3025;COLEGIO MEDICO REGIONAL ARROYITO;2025-07-25;;153741,62;Pagado;acreditado;BANCO DE GALICIA Y BUENOS AIRES S.A.U.;O172V61PK31NKJ3;193838;Cheques emitidos (3).csv;emitido
2757;CLINICA PRIVADA SAINT MICHEL S.R.L.;2025-07-25;;101946,78;Pagado;acreditado;BANCO DE GALICIA Y BUENOS AIRES S.A.U.;4OGNYEGYJWR90L6;193838;Cheques emitidos (3).csv;emitido
3063;SCM MEDICAS SA;2025-07-25;;7056,0;Pagado;acreditado;BANCO DE GALICIA Y BUENOS AIRES S.A.U.;RPQ2GGDXE4Y2GLY;193838;Cheques emitidos (3).csv;emitido
3011;CLINICA MEDITERRANEA SALUD SA;2025-07-25;;1161313,0;Pagado;acreditado;BANCO DE GALICIA Y BUENOS AIRES S.A.U.;RZP90WKGZPR9EGJ;193838;Cheques emitidos (3).csv;emitido
3031;FEDERACION DE BIOQUIMICOS DE LA PCIA DE;2025-07-25;;1640954,0;Pagado;acreditado;BANCO DE GALICIA Y BUENOS AIRES S.A.U.;O172V61PKYKNKJ3;193838;Cheques emitidos (3).csv;emitido
2803;SAN FRANCISCO SALUD - CONSORCIO DE COOPE;2025-07-26;;2061333,44;Pagado;acreditado;BANCO DE GALICIA Y BUENOS AIRES S.A.U.;XJE275DOQVON7MY;193838;Cheques emitidos (3).csv;emitido
2928;DE LA VILLA SERVICIOS ASISTENCIALES S.A;2025-07-27;;6054,11;Pagado;acreditado;BANCO DE GALICIA Y BUENOS AIRES S.A.U.;G7V95YVQQ3W9EMP;193838;Cheques emitidos (3).csv;emitido
2881;REYLES SA;2025-07-27;;27520,54;Pagado;acreditado;BANCO DE GALICIA Y BUENOS AIRES S.A.U.;ZEPN6P0LLJO2Q0M;193838;Cheques emitidos (3).csv;emitido
2830;ASOC PRESTADORES DE HEMODIALISIS Y TRANS;2025-07-27;;7940437,33;Pagado;acreditado;BANCO DE GALICIA Y BUENOS AIRES S.A.U.;JWV9J15YY6RNQMD;193838;Cheques emitidos (3).csv;emitido
3086;OMICRON SRL;2025-07-27;;355000,0;Pagado;acreditado;BANCO DE GALICIA Y BUENOS AIRES S.A.U.;JXON147RV5GNZ64;193838;Cheques emitidos (3).csv;emitido
2857;DE LA VILLA SERVICIOS ASISTENCIALES S.A;2025-07-27;;231508,48;Pagado;acreditado;BANCO DE GALICIA Y BUENOS AIRES S.A.U.;JXON15OKK8V9Z64;193838;Cheques emitidos (3).csv;emitido
2758;CLINICA PRIVADA SANTA MARIA S.A;2025-07-27;;1402571,65;Pagado;acreditado;BANCO DE GALICIA Y BUENOS AIRES S.A.U.;RZP90480KEP2EGJ;193838;Cheques emitidos (3).csv;emitido
2856;DE LA VILLA SERVICIOS ASISTENCIALES S.A;2025-07-27;;64239,12;Pagado;acreditado;BANCO DE GALICIA Y BUENOS AIRES S.A.U.;4MR2ZR0LLXGNDEZ;193838;Cheques emitidos (3).csv;emitido
3062;SANATORIO PRIVADO GATTI S.R.L;2025-07-27;;9100,0;Pagado;acreditado;BANCO DE GALICIA Y BUENOS AIRES S.A.U.;6ZO9W6E4PM395GP;193838;Cheques emitidos (3).csv;emitido
2927;REYLES SA;2025-07-27;;3708,89;Pagado;acreditado;BANCO DE GALICIA Y BUENOS AIRES S.A.U.;W612E15MM0QNGXY;193838;Cheques emitidos (3).csv;emitido
2880;REYLES SA;2025-07-27;;23626,33;Pagado;acreditado;BANCO DE GALICIA Y BUENOS AIRES S.A.U.;4MR2ZR0LLGGNDEZ;193838;Cheques emitidos (3).csv;emitido
3059;ROENTGEN SA;2025-07-28;;80204,46;Pagado;acreditado;BANCO DE GALICIA Y BUENOS AIRES S.A.U.;O172V61PKD1NKJ3;193838;Cheques emitidos (3).csv;emitido
3074;CIRCULO MEDICO REG RIO III;2025-07-28;;1916929,38;Pagado;acreditado;BANCO DE GALICIA Y BUENOS AIRES S.A.U.;KYZ9Q64GKZ89V50;193838;Cheques emitidos (3).csv;emitido
3096;CASIOPEA S. A.;2025-07-29;;5000000,0;Anulado;anulado;BANCO DE GALICIA Y BUENOS AIRES S.A.U.;O172V6Z1E61NKJ3;193838;Cheques emitidos (3).csv;emitido
3084;UNIVERSIDAD NACIONAL DE CORDOBA;2025-07-29;;518623,48;Vencido;rechazado;BANCO DE GALICIA Y BUENOS AIRES S.A.U.;V87944K7L1J9PEY;193838;Cheques emitidos (3).csv;emitido
2900;SINEC SA;2025-07-30;;5000000,0;Pagado;acreditado;BANCO DE GALICIA Y BUENOS AIRES S.A.U.;6LEN85LO00ONM1Y;193838;Cheques emitidos (3).csv;emitido
3010;CLINICA FUSAVIM PRIVADA S.R.L.;2025-07-31;;30434,52;Pagado;acreditado;BANCO DE GALICIA Y BUENOS AIRES S.A.U.;RPQ2GGDXEQM2GLY;193838;Cheques emitidos (3).csv;emitido
3098;SANATORIO DEL SALVADOR PRIVADO SA;2025-07-31;;1509842,34;Pagado;acreditado;BANCO DE GALICIA Y BUENOS AIRES S.A.U.;XJE274D4V5O27MY;193838;Cheques emitidos (3).csv;emitido
2940;TECHNO HEALTH SRL;2025-08-02;;1502580,0;Pagado;acreditado;BANCO DE GALICIA Y BUENOS AIRES S.A.U.;4MR2ZRZJE7ENDEZ;193838;Cheques emitidos (3).csv;emitido
3089;INDUSMED SAS;2025-08-02;;800000,0;Pagado;acreditado;BANCO DE GALICIA Y BUENOS AIRES S.A.U.;P68NKQ6K31RNR7O;193838;Cheques emitidos (3).csv;emitido
3097;CASIOPEA S. A.;2025-08-05;;5000000,0;Pagado;acreditado;BANCO DE GALICIA Y BUENOS AIRES S.A.U.;KYZ9Q6Q41QR9V50;193838;Cheques emitidos (3).csv;emitido
3039;HOSPITAL PRIVADO DE LA VILLA S;2025-08-05;;64096,0;Pagado;acreditado;BANCO DE GALICIA Y BUENOS AIRES S.A.U.;XJE274Q68JL27MY;193838;Cheques emitidos (3).csv;emitido
3049;PARQUE SALUD S.A;2025-08-06;;33697,92;Pagado;acreditado;BANCO DE GALICIA Y BUENOS AIRES S.A.U.;W612ED3WX459GXY;193838;Cheques emitidos (3).csv;emitido
2934;CASIOPEA S. A.;2025-08-06;;3500000,0;Pagado;acreditado;BANCO DE GALICIA Y BUENOS AIRES S.A.U.;GYKNXQQ463W2MPR;193838;Cheques emitidos (3).csv;emitido
2908;CLINICA PRIVADA DEL SOL SA;2025-08-06;;3481573,84;Pagado;acreditado;BANCO DE GALICIA Y BUENOS AIRES S.A.U.;6LEN85LVEX0NM1Y;193838;Cheques emitidos (3).csv;emitido
2907;CLINICA PRIVADA DEL SOL SA;2025-08-06;;19304,5;Pagado;acreditado;BANCO DE GALICIA Y BUENOS AIRES S.A.U.;JWV9J154YKDNQMD;193838;Cheques emitidos (3).csv;emitido
2991;ASOCIACION DE CLINICAS DEL NORTE PAMI;2025-08-07;;5770469,5;Pagado;acreditado;BANCO DE GALICIA Y BUENOS AIRES S.A.U.;6DVNO6GP15125J8;193838;Cheques emitidos (3).csv;emitido
3046;JAZMIN BELEN DI BERT;2025-08-07;;49482,44;Pagado;acreditado;BANCO DE GALICIA Y BUENOS AIRES S.A.U.;LMDN34G7JQW9E7R;193838;Cheques emitidos (3).csv;emitido
2932;ALQAZAR SAS;2025-08-07;;2900000,0;Pagado;acreditado;BANCO DE GALICIA Y BUENOS AIRES S.A.U.;JWV9J11RXM3NQMD;193838;Cheques emitidos (3).csv;emitido
2990;ASOCIACION DE CLINICAS DEL NORTE PAMI;2025-08-07;;40801,0;Pagado;acreditado;BANCO DE GALICIA Y BUENOS AIRES S.A.U.;JXON147RVX3NZ64;193838;Cheques emitidos (3).csv;emitido
3047;LECOUSER S.A.;2025-08-09;;99480,0;Pagado;acreditado;BANCO DE GALICIA Y BUENOS AIRES S.A.U.;KYZ9Q64GKD89V50;193838;Cheques emitidos (3).csv;emitido
2841;CENTRO UROLOGICO PROFESOR BENGIO SA;2025-08-10;;14696,0;Pagado;acreditado;BANCO DE GALICIA Y BUENOS AIRES S.A.U.;JXON15OKKXV9Z64;193838;Cheques emitidos (3).csv;emitido
2943;TOMAS FRANCISCO RAMOS;2025-08-10;;819380,0;Pagado;acreditado;BANCO DE GALICIA Y BUENOS AIRES S.A.U.;GYKNXQVJZ3W2MPR;193838;Cheques emitidos (3).csv;emitido
2814;INDUSMED SAS;2025-08-10;;1983336,0;Pagado;acreditado;BANCO DE GALICIA Y BUENOS AIRES S.A.U.;RZP90480KJ52EGJ;193838;Cheques emitidos (3).csv;emitido
3001;CENTRO UROLOGICO PROFESOR BENGIO SA;2025-08-10;;377070,0;Pagado;acreditado;BANCO DE GALICIA Y BUENOS AIRES S.A.U.;V87944K7LD49PEY;193838;Cheques emitidos (3).csv;emitido
3042;INSTITUTO CONCI CARPINELLA SRL;2025-08-11;;939829,95;Pagado;acreditado;BANCO DE GALICIA Y BUENOS AIRES S.A.U.;G0QNDL0KGXG2EXY;193838;Cheques emitidos (3).csv;emitido
3043;INSTITUTO CONCI CARPINELLA SRL;2025-08-11;;2366240,74;Pagado;acreditado;BANCO DE GALICIA Y BUENOS AIRES S.A.U.;RPQ2GGDXEPY2GLY;193838;Cheques emitidos (3).csv;emitido
3061;SANATORIO PARQUE S.A;2025-08-11;;46436,0;Pagado;acreditado;BANCO DE GALICIA Y BUENOS AIRES S.A.U.;GYKNX6R4EZP2MPR;193838;Cheques emitidos (3).csv;emitido
3100;CIPREM S.R.L.;2025-08-11;;3807490,19;Pagado;acreditado;BANCO DE GALICIA Y BUENOS AIRES S.A.U.;JWV9J8XX63R9QMD;193838;Cheques emitidos (3).csv;emitido
2834;CAMARA DE ENTIDADES DE SALUD;2025-08-11;;3665294,15;Pagado;acreditado;BANCO DE GALICIA Y BUENOS AIRES S.A.U.;GOW9MZVDDPZ2EXD;193838;Cheques emitidos (3).csv;emitido
2944;BARIATRICA S.A.;2025-08-11;;1627100,0;Pagado;acreditado;BANCO DE GALICIA Y BUENOS AIRES S.A.U.;XJE275RJ7G6N7MY;193838;Cheques emitidos (3).csv;emitido
3099;CIPREM S.R.L.;2025-08-11;;13738026,32;Pagado;acreditado;BANCO DE GALICIA Y BUENOS AIRES S.A.U.;6LEN84MMRYP2M1Y;193838;Cheques emitidos (3).csv;emitido
3048;NEPHROS SRL;2025-08-12;;2404802,4;Vencido;rechazado;BANCO DE GALICIA Y BUENOS AIRES S.A.U.;RZP90WKGZ059EGJ;193838;Cheques emitidos (3).csv;emitido
3078;INSTITUTO PRIVADO DE NEONATOLOGIA Y PEDI;2025-08-12;;27842,0;Pagado;acreditado;BANCO DE GALICIA Y BUENOS AIRES S.A.U.;ZEPN66RYX14NQ0M;193838;Cheques emitidos (3).csv;emitido
3079;INSTITUTO PRIVADO DE NEONATOLOGIA Y PEDI;2025-08-12;;3005041,52;Pagado;acreditado;BANCO DE GALICIA Y BUENOS AIRES S.A.U.;JXON147RV1GNZ64;193838;Cheques emitidos (3).csv;emitido
3041;IMAGENES SRL PRIVADO;2025-08-12;;217550,93;Pagado;acreditado;BANCO DE GALICIA Y BUENOS AIRES S.A.U.;6DVNO6GP1JE25J8;193838;Cheques emitidos (3).csv;emitido
3013;CLINICA PRIVADA COAT SRL;2025-08-13;;52710,0;Pagado;acreditado;BANCO DE GALICIA Y BUENOS AIRES S.A.U.;RPQ2GGDXE0M2GLY;193838;Cheques emitidos (3).csv;emitido
2935;CASIOPEA S. A.;2025-08-13;;3500000,0;Pagado;acreditado;BANCO DE GALICIA Y BUENOS AIRES S.A.U.;JXON155R4QV9Z64;193838;Cheques emitidos (3).csv;emitido
3081;CAMARA DE ENTIDADES DE SALUD;2025-08-13;;81999,16;Pagado;acreditado;BANCO DE GALICIA Y BUENOS AIRES S.A.U.;O172V61PK61NKJ3;193838;Cheques emitidos (3).csv;emitido
3082;CAMARA DE ENTIDADES DE SALUD;2025-08-13;;2084132,59;Pagado;acreditado;BANCO DE GALICIA Y BUENOS AIRES S.A.U.;MKX9R61PKDVNO6W;193838;Cheques emitidos (3).csv;emitido
2831;BARIATRICA S.A.;2025-08-13;;61612,7;Pagado;acreditado;BANCO DE GALICIA Y BUENOS AIRES S.A.U.;6LEN85LEERPNM1Y;193838;Cheques emitidos (3).csv;emitido
3005;EL JUNCO SERVICIOS SOCIALES S.A.;2025-08-13;;79034,0;Pagado;acreditado;BANCO DE GALICIA Y BUENOS AIRES S.A.U.;XJE274Q687627MY;193838;Cheques emitidos (3).csv;emitido
3006;EL JUNCO SERVICIOS SOCIALES S.A.;2025-08-13;;53240,0;Pagado;acreditado;BANCO DE GALICIA Y BUENOS AIRES S.A.U.;4OGNY6J4WEQ90L6;193838;Cheques emitidos (3).csv;emitido
3022;CLINICA PRIVADA JESUS MARIA DR. A.VIALE;2025-08-13;;556815,32;Pagado;acreditado;BANCO DE GALICIA Y BUENOS AIRES S.A.U.;W612ED3WX8O9GXY;193838;Cheques emitidos (3).csv;emitido
3040;IMAGENES MEDICAS SRL;2025-08-14;;105716,1;Pagado;acreditado;BANCO DE GALICIA Y BUENOS AIRES S.A.U.;Q619LEY3MZ3N7JZ;193838;Cheques emitidos (3).csv;emitido
3015;CLINICA PRIVADA DE LA CIUDAD SRL;2025-08-14;;81503,76;Pagado;acreditado;BANCO DE GALICIA Y BUENOS AIRES S.A.U.;JWV9J80X7W39QMD;193838;Cheques emitidos (3).csv;emitido
3014;CLINICA PRIVADA DE LA CIUDAD SRL;2025-08-14;;1083395,12;Pagado;acreditado;BANCO DE GALICIA Y BUENOS AIRES S.A.U.;GYKNX6R4EXQ2MPR;193838;Cheques emitidos (3).csv;emitido
3072;UNIDAD DIGESTIVA BAISTROCCHI S.R.L.;2025-08-14;;202983,6;Pagado;acreditado;BANCO DE GALICIA Y BUENOS AIRES S.A.U.;GOW9MRJGXZPNEXD;193838;Cheques emitidos (3).csv;emitido
2862;ESTIX SAS;2025-08-14;;633507,86;Pagado;acreditado;BANCO DE GALICIA Y BUENOS AIRES S.A.U.;O172VO388LV9KJ3;193838;Cheques emitidos (3).csv;emitido
3071;UNIDAD DIGESTIVA BAISTROCCHI S.R.L.;2025-08-14;;229667,4;Pagado;acreditado;BANCO DE GALICIA Y BUENOS AIRES S.A.U.;G0QNDL0KGLG2EXY;193838;Cheques emitidos (3).csv;emitido
2737;CE MO SA;2025-08-15;;129485,11;Pagado;acreditado;BANCO DE GALICIA Y BUENOS AIRES S.A.U.;EZ8NPJQY1R1N4KV;193838;Cheques emitidos (3).csv;emitido
3056;REYLES SA;2025-08-15;;43241,96;Pagado;acreditado;BANCO DE GALICIA Y BUENOS AIRES S.A.U.;V87944K7LZJ9PEY;193838;Cheques emitidos (3).csv;emitido
2992;ASOCIACION DE MEDICOS PATOLOGOS Y CITOPA;2025-08-15;;37890,0;Vencido;rechazado;BANCO DE GALICIA Y BUENOS AIRES S.A.U.;6DVNO6GP13125J8;193838;Cheques emitidos (3).csv;emitido
2887;SERVICIOS MEDICOS SRL;2025-08-17;;1432670,63;Pagado;acreditado;BANCO DE GALICIA Y BUENOS AIRES S.A.U.;MKX9RDMRRG42O6W;193838;Cheques emitidos (3).csv;emitido
2886;SERVICIOS MEDICOS SRL;2025-08-17;;4872158,4;Pagado;acreditado;BANCO DE GALICIA Y BUENOS AIRES S.A.U.;G0QND8XPP64NEXY;193838;Cheques emitidos (3).csv;emitido
3109;CLINICA PRIVADA DEAN FUNES S.R.L.;2025-08-18;;204337,0;Pagado;acreditado;BANCO DE GALICIA Y BUENOS AIRES S.A.U.;6ZO9W60RZ6395GP;193838;Cheques emitidos (3).csv;emitido
2864;GPAL BIOQUIMICA CLINICA SAS;2025-08-18;;178483,04;Pagado;acreditado;BANCO DE GALICIA Y BUENOS AIRES S.A.U.;MKX9RDMRRZ42O6W;193838;Cheques emitidos (3).csv;emitido
2865;GPAL BIOQUIMICA CLINICA SAS;2025-08-18;;311877,44;Pagado;acreditado;BANCO DE GALICIA Y BUENOS AIRES S.A.U.;LMDN35QMMP62E7R;193838;Cheques emitidos (3).csv;emitido
3073;UROLIT SA;2025-08-18;;349665,0;Pagado;acreditado;BANCO DE GALICIA Y BUENOS AIRES S.A.U.;MKX9R61PKVVNO6W;193838;Cheques emitidos (3).csv;emitido
2921;PROMET SRL;2025-08-18;;6371613,89;Pagado;acreditado;BANCO DE GALICIA Y BUENOS AIRES S.A.U.;GOW9MZV6D4Z2EXD;193838;Cheques emitidos (3).csv;emitido
2805;INSTITUTO PRIVADO DE NEONATOLGIA Y PEDIA;2025-08-19;;2206074,93;Pagado;acreditado;BANCO DE GALICIA Y BUENOS AIRES S.A.U.;JWV9J1ZE0RRNQMD;193838;Cheques emitidos (3).csv;emitido
2845;CLINICA CHUTRO S.R.L.;2025-08-20;;252572,41;Vencido;rechazado;BANCO DE GALICIA Y BUENOS AIRES S.A.U.;4OGNYEVRRM490L6;193838;Cheques emitidos (3).csv;emitido
2930;COSEME SA;2025-08-20;;1080183,69;Pagado;acreditado;BANCO DE GALICIA Y BUENOS AIRES S.A.U.;G0QND8XQ6MVNEXY;193838;Cheques emitidos (3).csv;emitido
2901;SINEC SA;2025-08-21;;5000000,0;Pagado;acreditado;BANCO DE GALICIA Y BUENOS AIRES S.A.U.;JXON15O0YYP9Z64;193838;Cheques emitidos (3).csv;emitido
2891;SOLBO SAS;2025-08-22;;23800,0;Pagado;acreditado;BANCO DE GALICIA Y BUENOS AIRES S.A.U.;ZEPN6P0LL3O2Q0M;193838;Cheques emitidos (3).csv;emitido
2892;SOLBO SAS;2025-08-22;;387043,0;Pagado;acreditado;BANCO DE GALICIA Y BUENOS AIRES S.A.U.;JXON15OKKPV9Z64;193838;Cheques emitidos (3).csv;emitido
2790;SOCIEDAD DE BENEFICENCIA HOSPITAL ITALIA;2025-08-22;;4425327,86;Pagado;acreditado;BANCO DE GALICIA Y BUENOS AIRES S.A.U.;ZEPN6PM7RZQ2Q0M;193838;Cheques emitidos (3).csv;emitido
2933;ALQAZAR SAS;2025-08-23;;2900000,0;Pagado;acreditado;BANCO DE GALICIA Y BUENOS AIRES S.A.U.;6LEN8550MGGNM1Y;193838;Cheques emitidos (3).csv;emitido
2909;CLINICA PRIVADA DEL SOL SA;2025-08-24;;3481573,84;Pagado;acreditado;BANCO DE GALICIA Y BUENOS AIRES S.A.U.;O172VO3D87V9KJ3;193838;Cheques emitidos (3).csv;emitido
3138;CLINICA PRIVADA DE ESPECIALIDADES DE VIL;2025-08-25;;41934,84;Pagado;acreditado;BANCO DE GALICIA Y BUENOS AIRES S.A.U.;6DVNO6J40V125J8;193838;Cheques emitidos (3).csv;emitido
2853;CLINICA PRIVADA SAINT MICHEL S.R.L.;2025-08-25;;3469966,41;Pagado;acreditado;BANCO DE GALICIA Y BUENOS AIRES S.A.U.;RZP9047JJYY2EGJ;193838;Cheques emitidos (3).csv;emitido
3126;CENTRO UROLOGICO PROFESOR BENGIO SA;2025-08-25;;14696,0;Pagado;acreditado;BANCO DE GALICIA Y BUENOS AIRES S.A.U.;P68NKQ541P5NR7O;193838;Cheques emitidos (3).csv;emitido
3114;AMPARAR S.R.L.;2025-08-25;;641340,0;Pagado;acreditado;BANCO DE GALICIA Y BUENOS AIRES S.A.U.;GOW9MRV6Z48NEXD;193838;Cheques emitidos (3).csv;emitido
3124;CENTRO DE BIOQUIMICOS REGIONAL DE RIO CU;2025-08-25;;11522,0;Pagado;acreditado;BANCO DE GALICIA Y BUENOS AIRES S.A.U.;4OGNY6V7EDY90L6;193838;Cheques emitidos (3).csv;emitido
2763;ECCO SA;2025-08-25;;3187583,11;Pagado;acreditado;BANCO DE GALICIA Y BUENOS AIRES S.A.U.;KYZ9QLQY4K62V50;193838;Cheques emitidos (3).csv;emitido
2924;CLINICA PRIVADA SAINT MICHEL S.R.L.;2025-08-25;;449602,11;Pagado;acreditado;BANCO DE GALICIA Y BUENOS AIRES S.A.U.;KYZ9QLDXXER2V50;193838;Cheques emitidos (3).csv;emitido
3094;GMRS S.A;2025-08-25;;465000,0;Pagado;acreditado;BANCO DE GALICIA Y BUENOS AIRES S.A.U.;6ZO9W61D4X595GP;193838;Cheques emitidos (3).csv;emitido
3113;AMPARAR S.R.L.;2025-08-25;;685207,4;Pagado;acreditado;BANCO DE GALICIA Y BUENOS AIRES S.A.U.;P68NKQ541G5NR7O;193838;Cheques emitidos (3).csv;emitido
2850;CLINICA PRIVADA INTEGRAL DE PSIQUIATRIA;2025-08-26;;16095,0;Pagado;acreditado;BANCO DE GALICIA Y BUENOS AIRES S.A.U.;4OGNYEVRRX490L6;193838;Cheques emitidos (3).csv;emitido
3132;CIPREM S.R.L.;2025-08-26;;3571416,06;Pagado;acreditado;BANCO DE GALICIA Y BUENOS AIRES S.A.U.;6ZO9W6QM3O595GP;193838;Cheques emitidos (3).csv;emitido
3131;CIDI SA;2025-08-26;;8397,52;Pagado;acreditado;BANCO DE GALICIA Y BUENOS AIRES S.A.U.;XJE274JZ5R627MY;193838;Cheques emitidos (3).csv;emitido
2936;SANATORIO DEL SALVADOR PRIVADO SA;2025-08-26;;5724579,78;Pagado;acreditado;BANCO DE GALICIA Y BUENOS AIRES S.A.U.;EZ8NPJJ7M04N4KV;193838;Cheques emitidos (3).csv;emitido
2851;CLINICA PRIVADA INTEGRAL DE PSIQUIATRIA;2025-08-26;;534333,0;Pagado;acreditado;BANCO DE GALICIA Y BUENOS AIRES S.A.U.;O172VO388WK9KJ3;193838;Cheques emitidos (3).csv;emitido
3125;CENTRO MEDICO ROENTGEN SRL;2025-08-26;;1545927,84;Pagado;acreditado;BANCO DE GALICIA Y BUENOS AIRES S.A.U.;4OGNY6V7E0Y90L6;193838;Cheques emitidos (3).csv;emitido
3148;COLEGIO MEDICO REGIONAL ARROYITO;2025-08-26;;49291,19;Pagado;acreditado;BANCO DE GALICIA Y BUENOS AIRES S.A.U.;Q619LEZ61XLN7JZ;193838;Cheques emitidos (3).csv;emitido
2916;SAN FRANCISCO SALUD - CONSORCIO DE COOPE;2025-08-26;;2112569,69;Pagado;acreditado;BANCO DE GALICIA Y BUENOS AIRES S.A.U.;XJE275JZEPON7MY;193838;Cheques emitidos (3).csv;emitido
2993;ASOC PRESTADORES DE HEMODIALISIS Y TRANS;2025-08-27;;8162586,27;Pagado;acreditado;BANCO DE GALICIA Y BUENOS AIRES S.A.U.;LMDN34G7JWY9E7R;193838;Cheques emitidos (3).csv;emitido
3087;OMICRON SRL;2025-08-27;;355000,0;Pagado;acreditado;BANCO DE GALICIA Y BUENOS AIRES S.A.U.;O172V61PKO1NKJ3;193838;Cheques emitidos (3).csv;emitido
3044;INSTITUTO CONCI CARPINELLA SRL;2025-08-27;;3306071,69;Pagado;acreditado;BANCO DE GALICIA Y BUENOS AIRES S.A.U.;GOW9MRJGXVPNEXD;193838;Cheques emitidos (3).csv;emitido
2854;CLINICA PRIVADA SANTA MARIA S.A;2025-08-27;;679163,28;Pagado;acreditado;BANCO DE GALICIA Y BUENOS AIRES S.A.U.;RPQ2G1P33YG9GLY;193838;Cheques emitidos (3).csv;emitido
3149;COLEGIO PROF DE KINESIOLOGIA Y FISIOTER;2025-08-27;;132812,0;Pagado;acreditado;BANCO DE GALICIA Y BUENOS AIRES S.A.U.;JWV9J8541Q39QMD;193838;Cheques emitidos (3).csv;emitido
3164;GRUPO OPTICO S.A.;2025-08-27;;203412,0;Pagado;acreditado;BANCO DE GALICIA Y BUENOS AIRES S.A.U.;6ZO9W6QM37595GP;193838;Cheques emitidos (3).csv;emitido
2929;CLINICA PRIVADA SANTA MARIA S.A;2025-08-27;;104923,19;Pagado;acreditado;BANCO DE GALICIA Y BUENOS AIRES S.A.U.;LMDN35QOO862E7R;193838;Cheques emitidos (3).csv;emitido
2913;INSTITUTO PRIVADO DE NEONATOLOGIA Y PEDI;2025-08-27;;11880,0;Pagado;acreditado;BANCO DE GALICIA Y BUENOS AIRES S.A.U.;W612E154LQQNGXY;193838;Cheques emitidos (3).csv;emitido
2914;INSTITUTO PRIVADO DE NEONATOLOGIA Y PEDI;2025-08-27;;1555203,94;Pagado;acreditado;BANCO DE GALICIA Y BUENOS AIRES S.A.U.;G7V95YV1K5W9EMP;193838;Cheques emitidos (3).csv;emitido
3012;CLINICA PRIVADA CARAFFA SRL;2025-08-27;;3416540,48;Pagado;acreditado;BANCO DE GALICIA Y BUENOS AIRES S.A.U.;KYZ9Q64GK5P9V50;193838;Cheques emitidos (3).csv;emitido
3144;CLINICA PRIVADA SAINT MICHEL S.R.L.;2025-08-27;;22398,78;Pagado;acreditado;BANCO DE GALICIA Y BUENOS AIRES S.A.U.;JWV9J8541K39QMD;193838;Cheques emitidos (3).csv;emitido
3103;CLINICA PRIVADA SAINT MICHEL S.R.L.;2025-08-27;;2590,09;Pagado;acreditado;BANCO DE GALICIA Y BUENOS AIRES S.A.U.;GOW9MRGGPKQNEXD;193838;Cheques emitidos (3).csv;emitido
3023;CLINICA PRIVADA SAINT MICHEL S.R.L.;2025-08-27;;44797,56;Pagado;acreditado;BANCO DE GALICIA Y BUENOS AIRES S.A.U.;EZ8NP81MKZ4N4KV;193838;Cheques emitidos (3).csv;emitido
3173;L.A.C.E. SA;2025-08-27;;122340,0;Pagado;acreditado;BANCO DE GALICIA Y BUENOS AIRES S.A.U.;JWV9J8541P39QMD;193838;Cheques emitidos (3).csv;emitido
3165;GRUPO OPTICO S.A.;2025-08-27;;4488,0;Pagado;acreditado;BANCO DE GALICIA Y BUENOS AIRES S.A.U.;P68NKQ541X5NR7O;193838;Cheques emitidos (3).csv;emitido
3171;INSTITUTO PRIVADO DE RADIOTERAPIA;2025-08-27;;3021353,0;Pagado;acreditado;BANCO DE GALICIA Y BUENOS AIRES S.A.U.;W612ED541EO9GXY;193838;Cheques emitidos (3).csv;emitido
3026;COLEGIO PROF DE KINESIOLOGIA Y FISIOTER;2025-08-27;;206096,0;Pagado;acreditado;BANCO DE GALICIA Y BUENOS AIRES S.A.U.;RZP90WKGZ759EGJ;193838;Cheques emitidos (3).csv;emitido
3188;UNIVERSIDAD NACIONAL DE CORDOBA;2025-08-28;;39000,0;Pagado;acreditado;BANCO DE GALICIA Y BUENOS AIRES S.A.U.;4MR2Z60OR4L2DEZ;193838;Cheques emitidos (3).csv;emitido
3027;DE LA VILLA SERVICIOS ASISTENCIALES S.A;2025-08-28;;329124,99;Pagado;acreditado;BANCO DE GALICIA Y BUENOS AIRES S.A.U.;GYKNX6R4E7Q2MPR;193838;Cheques emitidos (3).csv;emitido
3028;DE LA VILLA SERVICIOS ASISTENCIALES S.A;2025-08-28;;222053,58;Pagado;acreditado;BANCO DE GALICIA Y BUENOS AIRES S.A.U.;Q619LEY3MGLN7JZ;193838;Cheques emitidos (3).csv;emitido
3190;CIRCULO MEDICO REG RIO III;2025-08-28;;163615,8;Pagado;acreditado;BANCO DE GALICIA Y BUENOS AIRES S.A.U.;JWV9J841YXM9QMD;193838;Cheques emitidos (3).csv;emitido
3160;FUNDACION CENTRO PREVENCION Y;2025-08-28;;550000,0;Pagado;acreditado;BANCO DE GALICIA Y BUENOS AIRES S.A.U.;EZ8NP8L4JE4N4KV;193838;Cheques emitidos (3).csv;emitido
3191;CIRCULO MEDICO REG RIO III;2025-08-28;;1832554,12;Pagado;acreditado;BANCO DE GALICIA Y BUENOS AIRES S.A.U.;LMDN3415MJY9E7R;193838;Cheques emitidos (3).csv;emitido
3045;INSTITUTO ONCOHEMATOLOGICO PRIVADO S.R.L;2025-08-28;;150822,0;Pagado;acreditado;BANCO DE GALICIA Y BUENOS AIRES S.A.U.;MKX9R61PKMVNO6W;193838;Cheques emitidos (3).csv;emitido
3161;FUNDACION FECUNDART;2025-08-28;;344333,0;Pagado;acreditado;BANCO DE GALICIA Y BUENOS AIRES S.A.U.;W612ED541MO9GXY;193838;Cheques emitidos (3).csv;emitido
3152;DIAGNOSTICO Y TRATAMIENTO EN SALUD AMBUL;2025-08-28;;34679,77;Pagado;acreditado;BANCO DE GALICIA Y BUENOS AIRES S.A.U.;4MR2Z60OREE2DEZ;193838;Cheques emitidos (3).csv;emitido
3189;UNIVERSIDAD NACIONAL DE CORDOBA;2025-08-28;;12314,0;Pagado;acreditado;BANCO DE GALICIA Y BUENOS AIRES S.A.U.;O172V63DOQ1NKJ3;193838;Cheques emitidos (3).csv;emitido
3135;CLINICA MEDITERRANEA SALUD SA;2025-08-28;;373613,0;Pagado;acreditado;BANCO DE GALICIA Y BUENOS AIRES S.A.U.;V87944Z15349PEY;193838;Cheques emitidos (3).csv;emitido
3178;ROENTGEN SA;2025-08-29;;440716,26;Pagado;acreditado;BANCO DE GALICIA Y BUENOS AIRES S.A.U.;Q619LEZ61W3N7JZ;193838;Cheques emitidos (3).csv;emitido
3179;SALUD INTEGRAL S A;2025-08-29;;194504,0;Pagado;acreditado;BANCO DE GALICIA Y BUENOS AIRES S.A.U.;V87944Z15P49PEY;193838;Cheques emitidos (3).csv;emitido
3180;SALUD INTEGRAL S A;2025-08-29;;49752,0;Pagado;acreditado;BANCO DE GALICIA Y BUENOS AIRES S.A.U.;O172V63DOG0NKJ3;193838;Cheques emitidos (3).csv;emitido
3201;DORAR SA;2025-08-29;;566000,0;Pagado;acreditado;BANCO DE GALICIA Y BUENOS AIRES S.A.U.;MKX9R6DWZ44NO6W;193838;Cheques emitidos (3).csv;emitido
3183;SCM MEDICAS SA;2025-08-29;;15456,6;Pagado;acreditado;BANCO DE GALICIA Y BUENOS AIRES S.A.U.;G0QNDLX481G2EXY;193838;Cheques emitidos (3).csv;emitido
3159;FEDERACION DE BIOQUIMICOS DE LA PCIA DE;2025-08-29;;2050641,5;Pagado;acreditado;BANCO DE GALICIA Y BUENOS AIRES S.A.U.;6LEN84LV5XG2M1Y;193838;Cheques emitidos (3).csv;emitido
3172;JAZMIN BELEN DI BERT;2025-08-30;;49482,44;Pagado;acreditado;BANCO DE GALICIA Y BUENOS AIRES S.A.U.;EZ8NP8L4JV4N4KV;193838;Cheques emitidos (3).csv;emitido
3090;INDUSMED SAS;2025-09-02;;800000,0;Pagado;acreditado;BANCO DE GALICIA Y BUENOS AIRES S.A.U.;KYZ9Q64GKL89V50;193838;Cheques emitidos (3).csv;emitido
3205;INDUSMED SAS;2025-09-04;;990000,0;Pagado;acreditado;BANCO DE GALICIA Y BUENOS AIRES S.A.U.;JXON144YV8VNZ64;193838;Cheques emitidos (3).csv;emitido
3218;SANATORIO DEL SALVADOR PRIVADO SA;2025-09-04;;1533846,73;Pagado;acreditado;BANCO DE GALICIA Y BUENOS AIRES S.A.U.;Q619LE8K1EVN7JZ;193838;Cheques emitidos (3).csv;emitido
3182;SANATORIO PARQUE S.A;2025-09-05;;8084,85;Pagado;acreditado;BANCO DE GALICIA Y BUENOS AIRES S.A.U.;4OGNY6V7E3Y90L6;193838;Cheques emitidos (3).csv;emitido
3157;EQUILIBRE SALUD SAS;2025-09-05;;117520,6;Pagado;acreditado;BANCO DE GALICIA Y BUENOS AIRES S.A.U.;6LEN84LV5WG2M1Y;193838;Cheques emitidos (3).csv;emitido
3127;INSTITUTO CONCI CARPINELLA SRL;2025-09-05;;3347265,92;Pagado;acreditado;BANCO DE GALICIA Y BUENOS AIRES S.A.U.;JXON14O1561NZ64;193838;Cheques emitidos (3).csv;emitido
3016;CLINICA PRIVADA DEL SOL SA;2025-09-06;;3818438,51;Pagado;acreditado;BANCO DE GALICIA Y BUENOS AIRES S.A.U.;O172V61PK40NKJ3;193838;Cheques emitidos (3).csv;emitido
3019;CLINICA PRIVADA DEL SOL SA;2025-09-06;;669628,55;Pagado;acreditado;BANCO DE GALICIA Y BUENOS AIRES S.A.U.;V87944K7LY49PEY;193838;Cheques emitidos (3).csv;emitido
3115;ASOCIACION DE CLINICAS DEL NORTE PAMI;2025-09-06;;9995350,7;Pagado;acreditado;BANCO DE GALICIA Y BUENOS AIRES S.A.U.;G0QNDLX48302EXY;193838;Cheques emitidos (3).csv;emitido
3116;ASOCIACION DE CLINICAS DEL NORTE PAMI;2025-09-06;;218719,0;Pagado;acreditado;BANCO DE GALICIA Y BUENOS AIRES S.A.U.;6ZO9W6QM3J595GP;193838;Cheques emitidos (3).csv;emitido
3175;PARQUE SALUD S.A;2025-09-06;;33574,74;Pagado;acreditado;BANCO DE GALICIA Y BUENOS AIRES S.A.U.;4MR2Z60ORQE2DEZ;193838;Cheques emitidos (3).csv;emitido
3209;ORTOPEDIA SANTA LUCIA SRL;2025-09-06;;1121156,0;Pagado;acreditado;BANCO DE GALICIA Y BUENOS AIRES S.A.U.;W612EDDPXPQ9GXY;193838;Cheques emitidos (3).csv;emitido
3133;CIPREM S.R.L.;2025-09-07;;3571416,07;Pagado;acreditado;BANCO DE GALICIA Y BUENOS AIRES S.A.U.;MKX9R6MVDLENO6W;193838;Cheques emitidos (3).csv;emitido
3217;CIPREM S.R.L.;2025-09-07;;149999,47;Pagado;acreditado;BANCO DE GALICIA Y BUENOS AIRES S.A.U.;RPQ2GGOY1G02GLY;193838;Cheques emitidos (3).csv;emitido
3107;ORTOPEDIA SANTA LUCIA SRL;2025-09-08;;1121156,0;Pagado;acreditado;BANCO DE GALICIA Y BUENOS AIRES S.A.U.;ZEPN66ZOMYWNQ0M;193838;Cheques emitidos (3).csv;emitido
2902;SINEC SA;2025-09-09;;5000000,0;Pagado;acreditado;BANCO DE GALICIA Y BUENOS AIRES S.A.U.;RPQ2G1P0YYJ9GLY;193838;Cheques emitidos (3).csv;emitido
3003;ECCO SA;2025-09-09;;3020779,4;Pagado;acreditado;BANCO DE GALICIA Y BUENOS AIRES S.A.U.;6LEN84QM86G2M1Y;193838;Cheques emitidos (3).csv;emitido
3167;INSTITUTO PRIVADO DE NEONATOLOGIA Y PEDI;2025-09-10;;15000000,0;Pagado;acreditado;BANCO DE GALICIA Y BUENOS AIRES S.A.U.;LMDN34Q15KY9E7R;193838;Cheques emitidos (3).csv;emitido
2931;SERVICIOS MEDICOS SRL;2025-09-10;;1445886,95;Pagado;acreditado;BANCO DE GALICIA Y BUENOS AIRES S.A.U.;Q619L16ZJZZ97JZ;193838;Cheques emitidos (3).csv;emitido
3106;TOMAS FRANCISCO RAMOS;2025-09-10;;838000,0;Pagado;acreditado;BANCO DE GALICIA Y BUENOS AIRES S.A.U.;JXON14YELRPNZ64;193838;Cheques emitidos (3).csv;emitido
2888;SERVICIOS MEDICOS SRL;2025-09-10;;6304829,02;Pagado;acreditado;BANCO DE GALICIA Y BUENOS AIRES S.A.U.;GOW9MZVDD0Z2EXD;193838;Cheques emitidos (3).csv;emitido
3075;SANATORIO DEL SALVADOR PRIVADO SA;2025-09-11;;4350900,53;Pagado;acreditado;BANCO DE GALICIA Y BUENOS AIRES S.A.U.;XJE274Q685L27MY;193838;Cheques emitidos (3).csv;emitido
3083;CAMARA DE ENTIDADES DE SALUD;2025-09-11;;2084132,59;Pagado;acreditado;BANCO DE GALICIA Y BUENOS AIRES S.A.U.;G0QNDL0KG8G2EXY;193838;Cheques emitidos (3).csv;emitido
3101;CIPREM S.R.L.;2025-09-11;;17545516,52;Pagado;acreditado;BANCO DE GALICIA Y BUENOS AIRES S.A.U.;4MR2Z688W482DEZ;193838;Cheques emitidos (3).csv;emitido
2835;CAMARA DE ENTIDADES DE SALUD;2025-09-11;;3665294,16;Pagado;acreditado;BANCO DE GALICIA Y BUENOS AIRES S.A.U.;KYZ9QLDWW1R2V50;193838;Cheques emitidos (3).csv;emitido
2806;INSTITUTO PRIVADO DE NEONATOLGIA Y PEDIA;2025-09-12;;2206074,93;Pagado;acreditado;BANCO DE GALICIA Y BUENOS AIRES S.A.U.;RZP90480KQY2EGJ;193838;Cheques emitidos (3).csv;emitido
2836;CE MO SA;2025-09-12;;9500,0;Pagado;acreditado;BANCO DE GALICIA Y BUENOS AIRES S.A.U.;6DVNO0JOOXM25J8;193838;Cheques emitidos (3).csv;emitido
3174;NEPHROS SRL;2025-09-12;;2404802,4;Vencido;rechazado;BANCO DE GALICIA Y BUENOS AIRES S.A.U.;6DVNO6J40YE25J8;193838;Cheques emitidos (3).csv;emitido
2837;CE MO SA;2025-09-12;;1212176,22;Pagado;acreditado;BANCO DE GALICIA Y BUENOS AIRES S.A.U.;O172VO388WV9KJ3;193838;Cheques emitidos (3).csv;emitido
3119;BARIATRICA S.A.;2025-09-13;;121338,85;Pagado;acreditado;BANCO DE GALICIA Y BUENOS AIRES S.A.U.;JXON14O15Q3NZ64;193838;Cheques emitidos (3).csv;emitido
3108;RECIPE S.R.L.;2025-09-13;;75600,0;Pagado;acreditado;BANCO DE GALICIA Y BUENOS AIRES S.A.U.;KYZ9Q6MXWW89V50;193838;Cheques emitidos (3).csv;emitido
2994;BARIATRICA S.A.;2025-09-13;;111003,0;Pagado;acreditado;BANCO DE GALICIA Y BUENOS AIRES S.A.U.;G7V954J76PMNEMP;193838;Cheques emitidos (3).csv;emitido
3136;CLINICA PRIVADA COAT SRL;2025-09-13;;170736,25;Pagado;acreditado;BANCO DE GALICIA Y BUENOS AIRES S.A.U.;GYKNX6ZGQLQ2MPR;193838;Cheques emitidos (3).csv;emitido
3137;CLINICA PRIVADA COAT SRL;2025-09-13;;30000,0;Pagado;acreditado;BANCO DE GALICIA Y BUENOS AIRES S.A.U.;LMDN34Q15RY9E7R;193838;Cheques emitidos (3).csv;emitido
3193;IMAGENES MEDICAS SRL;2025-09-14;;126257,58;Pagado;acreditado;BANCO DE GALICIA Y BUENOS AIRES S.A.U.;GOW9MR6ZDX8NEXD;193838;Cheques emitidos (3).csv;emitido
3166;IMAGENES SRL PRIVADO;2025-09-14;;332197,16;Pagado;acreditado;BANCO DE GALICIA Y BUENOS AIRES S.A.U.;KYZ9Q6DZL0P9V50;193838;Cheques emitidos (3).csv;emitido
3122;CAMARA DE ENTIDADES DE SALUD;2025-09-15;;54989,31;Pagado;acreditado;BANCO DE GALICIA Y BUENOS AIRES S.A.U.;P68NKQ54185NR7O;193838;Cheques emitidos (3).csv;emitido
2859;ECCO SA;2025-09-15;;6012635,46;Pagado;acreditado;BANCO DE GALICIA Y BUENOS AIRES S.A.U.;GYKNXQZ11XW2MPR;193838;Cheques emitidos (3).csv;emitido
3177;REYLES SA;2025-09-15;;41264,56;Pagado;acreditado;BANCO DE GALICIA Y BUENOS AIRES S.A.U.;XJE274JZ5XL27MY;193838;Cheques emitidos (3).csv;emitido
3176;REYLES SA;2025-09-15;;47626,36;Pagado;acreditado;BANCO DE GALICIA Y BUENOS AIRES S.A.U.;JXON14O15W3NZ64;193838;Cheques emitidos (3).csv;emitido
2784;SANATORIO DEL SALVADOR PRIVAD SA;2025-09-15;;5809910,05;Pagado;acreditado;BANCO DE GALICIA Y BUENOS AIRES S.A.U.;LMDN35VDGY52E7R;193838;Cheques emitidos (3).csv;emitido
3120;CAMARA DE ENTIDADES DE SALUD;2025-09-15;;2264708,28;Pagado;acreditado;BANCO DE GALICIA Y BUENOS AIRES S.A.U.;6DVNO6J40K125J8;193838;Cheques emitidos (3).csv;emitido
3215;CLINICA PRIVADA DE LA CIUDAD SRL;2025-09-17;;73912,48;Pagado;acreditado;BANCO DE GALICIA Y BUENOS AIRES S.A.U.;6DVNO66X1XM25J8;193838;Cheques emitidos (3).csv;emitido
2922;PROMET SRL;2025-09-18;;6371613,89;Pagado;acreditado;BANCO DE GALICIA Y BUENOS AIRES S.A.U.;6ZO9W3QM8O795GP;193838;Cheques emitidos (3).csv;emitido
3223;CLINICA PRIVADA CARAFFA SRL;2025-09-19;;82214,42;Pagado;acreditado;BANCO DE GALICIA Y BUENOS AIRES S.A.U.;JXON14Z756GNZ64;193838;Cheques emitidos (3).csv;emitido
3222;SERVICIOS MEDICOS SRL;2025-09-19;;4670085,94;Pagado;acreditado;BANCO DE GALICIA Y BUENOS AIRES S.A.U.;JXON14Z753GNZ64;193838;Cheques emitidos (3).csv;emitido
3210;SERVICIOS MEDICOS SRL;2025-09-19;;13543868,82;Pagado;acreditado;BANCO DE GALICIA Y BUENOS AIRES S.A.U.;GYKNX66MEDW2MPR;193838;Cheques emitidos (3).csv;emitido
3206;INDUSMED SAS;2025-09-20;;506666,66;Pagado;acreditado;BANCO DE GALICIA Y BUENOS AIRES S.A.U.;EZ8NP887KD1N4KV;193838;Cheques emitidos (3).csv;emitido
3035;GPAL BIOQUIMICA CLINICA SAS;2025-09-21;;663436,0;Pagado;acreditado;BANCO DE GALICIA Y BUENOS AIRES S.A.U.;LMDN34G7JLY9E7R;193838;Cheques emitidos (3).csv;emitido
3036;GPAL BIOQUIMICA CLINICA SAS;2025-09-21;;1399929,24;Pagado;acreditado;BANCO DE GALICIA Y BUENOS AIRES S.A.U.;6LEN84QM8OG2M1Y;193838;Cheques emitidos (3).csv;emitido
3070;SOLBO SAS;2025-09-22;;863400,0;Pagado;acreditado;BANCO DE GALICIA Y BUENOS AIRES S.A.U.;RPQ2GGDXE1Y2GLY;193838;Cheques emitidos (3).csv;emitido
2889;SOCIEDAD DE BENEFICENCIA HOSPITAL ITALIA;2025-09-22;;4290985,49;Pagado;acreditado;BANCO DE GALICIA Y BUENOS AIRES S.A.U.;RPQ2G1P33KG9GLY;193838;Cheques emitidos (3).csv;emitido
3069;SOLBO SAS;2025-09-22;;14895,0;Pagado;acreditado;BANCO DE GALICIA Y BUENOS AIRES S.A.U.;LMDN34G7J5W9E7R;193838;Cheques emitidos (3).csv;emitido
3216;SOCIEDAD DE BENEFICENCIA HOSPITAL ITALIA;2025-09-22;;952792,69;Pagado;acreditado;BANCO DE GALICIA Y BUENOS AIRES S.A.U.;G7V9544R6RWNEMP;193838;Cheques emitidos (3).csv;emitido
3093;COSEME SA;2025-09-22;;1455160,71;Pagado;acreditado;BANCO DE GALICIA Y BUENOS AIRES S.A.U.;Q619LEOK3PLN7JZ;193838;Cheques emitidos (3).csv;emitido
3008;CLINICA CHUTRO S.R.L.;2025-09-23;;1714668,0;Vencido;rechazado;BANCO DE GALICIA Y BUENOS AIRES S.A.U.;6ZO9W6E4P5595GP;193838;Cheques emitidos (3).csv;emitido
3009;CLINICA CHUTRO S.R.L.;2025-09-23;;18093,52;Vencido;rechazado;BANCO DE GALICIA Y BUENOS AIRES S.A.U.;MKX9R61PK5ENO6W;193838;Cheques emitidos (3).csv;emitido
3158;ESTIX SAS;2025-09-23;;82350,96;Pagado;acreditado;BANCO DE GALICIA Y BUENOS AIRES S.A.U.;4MR2Z60ORJE2DEZ;193838;Cheques emitidos (3).csv;emitido
3007;ESTIX SAS;2025-09-23;;431872,79;Pagado;acreditado;BANCO DE GALICIA Y BUENOS AIRES S.A.U.;O172V61PKY1NKJ3;193838;Cheques emitidos (3).csv;emitido
2764;ECCO SA;2025-09-24;;3187583,12;Pagado;acreditado;BANCO DE GALICIA Y BUENOS AIRES S.A.U.;O172VOZY1VV9KJ3;193838;Cheques emitidos (3).csv;emitido
3017;CLINICA PRIVADA DEL SOL SA;2025-09-24;;3818438,52;Pagado;acreditado;BANCO DE GALICIA Y BUENOS AIRES S.A.U.;GOW9MRJGX78NEXD;193838;Cheques emitidos (3).csv;emitido
3095;GMRS S.A;2025-09-25;;465000,0;Pagado;acreditado;BANCO DE GALICIA Y BUENOS AIRES S.A.U.;RPQ2GGVYX6M2GLY;193838;Cheques emitidos (3).csv;emitido
3080;INSTITUTO PRIVADO DE NEONATOLOGIA Y PEDI;2025-09-25;;3005041,53;Pagado;acreditado;BANCO DE GALICIA Y BUENOS AIRES S.A.U.;W612ED3WX159GXY;193838;Cheques emitidos (3).csv;emitido
3105;INSTITUTO PRIVADO DE NEONATOLOGIA Y PEDI;2025-09-25;;685585,32;Pagado;acreditado;BANCO DE GALICIA Y BUENOS AIRES S.A.U.;W612EDWWP6Q9GXY;193838;Cheques emitidos (3).csv;emitido
3230;SANATORIO PRIVADO GATTI S.R.L;2025-09-26;;68892,4;Pagado;acreditado;BANCO DE GALICIA Y BUENOS AIRES S.A.U.;RPQ2GO3RL3J9GLY;193838;Cheques emitidos (3).csv;emitido
3155;EL JUNCO SERVICIOS SOCIALES S.A.;2025-09-26;;49609,0;Pagado;acreditado;BANCO DE GALICIA Y BUENOS AIRES S.A.U.;6ZO9W6QM3Z595GP;193838;Cheques emitidos (3).csv;emitido
3156;EL JUNCO SERVICIOS SOCIALES S.A.;2025-09-26;;49127,0;Pagado;acreditado;BANCO DE GALICIA Y BUENOS AIRES S.A.U.;JXON14O15G3NZ64;193838;Cheques emitidos (3).csv;emitido
2937;SANATORIO DEL SALVADOR PRIVADO SA;2025-09-26;;5724579,78;Pagado;acreditado;BANCO DE GALICIA Y BUENOS AIRES S.A.U.;GYKNXQQM43Q2MPR;193838;Cheques emitidos (3).csv;emitido
3143;CLINICA PRIVADA JESUS MARIA DR. A.VIALE;2025-09-27;;1353870,33;Pagado;acreditado;BANCO DE GALICIA Y BUENOS AIRES S.A.U.;ZEPN6601P8VNQ0M;193838;Cheques emitidos (3).csv;emitido
3128;INSTITUTO CONCI CARPINELLA SRL;2025-09-27;;3347265,92;Pagado;acreditado;BANCO DE GALICIA Y BUENOS AIRES S.A.U.;KYZ9Q6DZLJP9V50;193838;Cheques emitidos (3).csv;emitido
3088;OMICRON SRL;2025-09-27;;355000,0;Pagado;acreditado;BANCO DE GALICIA Y BUENOS AIRES S.A.U.;RZP90WKGZ459EGJ;193838;Cheques emitidos (3).csv;emitido
3024;CLINICA PRIVADA SANTA MARIA S.A;2025-09-27;;571171,29;Pagado;acreditado;BANCO DE GALICIA Y BUENOS AIRES S.A.U.;RZP90WKGZ0Y9EGJ;193838;Cheques emitidos (3).csv;emitido
3064;SERVICIOS MEDICOS SRL;2025-09-27;;176649,38;Pagado;acreditado;BANCO DE GALICIA Y BUENOS AIRES S.A.U.;G7V954J76Y4NEMP;193838;Cheques emitidos (3).csv;emitido
3092;SERVICIOS MEDICOS SRL;2025-09-27;;2612746,25;Pagado;acreditado;BANCO DE GALICIA Y BUENOS AIRES S.A.U.;4MR2Z61676Y2DEZ;193838;Cheques emitidos (3).csv;emitido
3202;DORAR SA;2025-09-28;;566000,0;Pagado;acreditado;BANCO DE GALICIA Y BUENOS AIRES S.A.U.;4OGNY6E05D490L6;193838;Cheques emitidos (3).csv;emitido
3337;CENTRO PRIVADO TOMOGRAFIA COMPUTADA CORD;2025-09-29;;1510589,95;Pagado;acreditado;BANCO DE GALICIA Y BUENOS AIRES S.A.U.;V8794MKXWKE2PEY;193838;Cheques emitidos (3).csv;emitido
3336;CENTRO PRIVADO DE R.M.I. RIO CUARTO S.A.;2025-09-29;;956207,0;Pagado;acreditado;BANCO DE GALICIA Y BUENOS AIRES S.A.U.;GOW9M5JE4JQ9EXD;193838;Cheques emitidos (3).csv;emitido
3121;CAMARA DE ENTIDADES DE SALUD;2025-09-29;;2264708,28;Pagado;acreditado;BANCO DE GALICIA Y BUENOS AIRES S.A.U.;Q619LEZ61RLN7JZ;193838;Cheques emitidos (3).csv;emitido
3004;ECCO SA;2025-09-29;;3020779,4;Pagado;acreditado;BANCO DE GALICIA Y BUENOS AIRES S.A.U.;G7V954J7644NEMP;193838;Cheques emitidos (3).csv;emitido
3085;SAN FRANCISCO SALUD - CONSORCIO DE COOPE;2025-09-29;;2398508,09;Pagado;acreditado;BANCO DE GALICIA Y BUENOS AIRES S.A.U.;4OGNY6J4W7Q90L6;193838;Cheques emitidos (3).csv;emitido
3339;CIDI SA;2025-09-29;;2032,03;Pagado;acreditado;BANCO DE GALICIA Y BUENOS AIRES S.A.U.;RPQ2GOD8R309GLY;193838;Cheques emitidos (3).csv;emitido
3335;CENTRO MEDICO ROENTGEN SRL;2025-09-29;;163491,96;Pagado;acreditado;BANCO DE GALICIA Y BUENOS AIRES S.A.U.;MKX9RY1EL1O2O6W;193838;Cheques emitidos (3).csv;emitido
3204;TECHNO HEALTH SRL;2025-09-29;;678447,0;Pagado;acreditado;BANCO DE GALICIA Y BUENOS AIRES S.A.U.;4MR2Z6RJ5EG2DEZ;193838;Cheques emitidos (3).csv;emitido
3374;FUNDACION FECUNDART;2025-09-29;;88926,0;Pagado;acreditado;BANCO DE GALICIA Y BUENOS AIRES S.A.U.;Q619L8Y5XOV27JZ;193838;Cheques emitidos (3).csv;emitido
3370;EQUILIBRE SALUD SAS;2025-09-29;;27957,0;Pagado;acreditado;BANCO DE GALICIA Y BUENOS AIRES S.A.U.;KYZ9QY4EJ46NV50;193838;Cheques emitidos (3).csv;emitido
3325;AMPARAR S.R.L.;2025-09-29;;215460,0;Pagado;acreditado;BANCO DE GALICIA Y BUENOS AIRES S.A.U.;4MR2ZY1DEL89DEZ;193838;Cheques emitidos (3).csv;emitido
3324;AMPARAR S.R.L.;2025-09-29;;636300,0;Pagado;acreditado;BANCO DE GALICIA Y BUENOS AIRES S.A.U.;JWV9JE0GKYZ2QMD;193838;Cheques emitidos (3).csv;emitido
3323;AMPARAR S.R.L.;2025-09-29;;1175472,82;Pagado;acreditado;BANCO DE GALICIA Y BUENOS AIRES S.A.U.;JXON1J7PQ779Z64;193838;Cheques emitidos (3).csv;emitido
3365;DIAGNOSTICO Y TRATAMIENTO EN SALUD AMBUL;2025-09-29;;51753,93;Pagado;acreditado;BANCO DE GALICIA Y BUENOS AIRES S.A.U.;P68NKR67P6P9R7O;193838;Cheques emitidos (3).csv;emitido
3377;GRUPO OPTICO S.A.;2025-09-30;;203808,0;Pagado;acreditado;BANCO DE GALICIA Y BUENOS AIRES S.A.U.;V8794MKXW8E2PEY;193838;Cheques emitidos (3).csv;emitido
3376;GRUPO OPTICO S.A.;2025-09-30;;4378,0;Pagado;acreditado;BANCO DE GALICIA Y BUENOS AIRES S.A.U.;KYZ9QY4EJO6NV50;193838;Cheques emitidos (3).csv;emitido
3362;COLEGIO PROF DE KINESIOLOGIA Y FISIOTER;2025-09-30;;236000,0;Pagado;acreditado;BANCO DE GALICIA Y BUENOS AIRES S.A.U.;RPQ2GOD8RV09GLY;193838;Cheques emitidos (3).csv;emitido
3349;CLINICA MEDITERRANEA SALUD SA;2025-09-30;;345041,0;Pagado;acreditado;BANCO DE GALICIA Y BUENOS AIRES S.A.U.;6LEN83QKXQP9M1Y;193838;Cheques emitidos (3).csv;emitido
3117;ASOCIACION DE MEDICOS PATOLOGOS Y CITOPA;2025-09-30;;57665,0;Pagado;acreditado;BANCO DE GALICIA Y BUENOS AIRES S.A.U.;V87944Z15EJ9PEY;193838;Cheques emitidos (3).csv;emitido
2903;SINEC SA;2025-09-30;;5000000,0;Pagado;acreditado;BANCO DE GALICIA Y BUENOS AIRES S.A.U.;O172VO3MLLD9KJ3;193838;Cheques emitidos (3).csv;emitido
3340;CIPREM S.R.L.;2025-09-30;;8022871,23;Pagado;acreditado;BANCO DE GALICIA Y BUENOS AIRES S.A.U.;LMDN3DG8RG52E7R;193838;Cheques emitidos (3).csv;emitido
3361;COLEGIO MEDICO REGIONAL ARROYITO;2025-09-30;;18348,0;Pagado;acreditado;BANCO DE GALICIA Y BUENOS AIRES S.A.U.;G7V95GJ35JL9EMP;193838;Cheques emitidos (3).csv;emitido
3338;CENTRO UROLOGICO PROFESOR BENGIO SA;2025-09-30;;17696,0;Pagado;acreditado;BANCO DE GALICIA Y BUENOS AIRES S.A.U.;EZ8NPY1R0XPN4KV;193838;Cheques emitidos (3).csv;emitido
3345;CIRCULO MEDICO REG RIO III;2025-09-30;;380064,14;Pagado;acreditado;BANCO DE GALICIA Y BUENOS AIRES S.A.U.;JXON1J7PQD79Z64;193838;Cheques emitidos (3).csv;emitido
3346;CIRCULO MEDICO REG RIO III;2025-09-30;;1776021,41;Pagado;acreditado;BANCO DE GALICIA Y BUENOS AIRES S.A.U.;RPQ2GOD8RD09GLY;193838;Cheques emitidos (3).csv;emitido
3334;CENTRO DE BIOQUIMICOS REGIONAL DE RIO CU;2025-09-30;;32544,0;Pagado;acreditado;BANCO DE GALICIA Y BUENOS AIRES S.A.U.;V8794MKXWGE2PEY;193838;Cheques emitidos (3).csv;emitido
3326;ASOCIACION DE ANESTESIOLOGIA;2025-09-30;;272696,0;Pagado;acreditado;BANCO DE GALICIA Y BUENOS AIRES S.A.U.;O172VY1V78K2KJ3;193838;Cheques emitidos (3).csv;emitido
3118;ASOC PRESTADORES DE HEMODIALISIS Y TRANS;2025-09-30;;5489125,96;Pagado;acreditado;BANCO DE GALICIA Y BUENOS AIRES S.A.U.;RPQ2GGP41RM2GLY;193838;Cheques emitidos (3).csv;emitido
3356;CLINICA PRIVADA INTEGRAL DE PSIQUIATRIA;2025-10-01;;882834,0;Pagado;acreditado;BANCO DE GALICIA Y BUENOS AIRES S.A.U.;O172VY1V7EK2KJ3;193838;Cheques emitidos (3).csv;emitido
3411;UNIDAD DIGESTIVA BAISTROCCHI S.R.L.;2025-10-01;;15600,0;Pagado;acreditado;BANCO DE GALICIA Y BUENOS AIRES S.A.U.;GOW9M5JE4GZ9EXD;193838;Cheques emitidos (3).csv;emitido
3412;UNIDAD DIGESTIVA BAISTROCCHI S.R.L.;2025-10-01;;452746,38;Pagado;acreditado;BANCO DE GALICIA Y BUENOS AIRES S.A.U.;G0QNDM0V3K4NEXY;193838;Cheques emitidos (3).csv;emitido
3413;UNIVERSIDAD NACIONAL DE CORDOBA;2025-10-01;;37568,0;Pagado;acreditado;BANCO DE GALICIA Y BUENOS AIRES S.A.U.;O172VY1V7PV2KJ3;193838;Cheques emitidos (3).csv;emitido
3347;CLINICA PRIVADA DEAN FUNES S.R.L.;2025-10-01;;334855,7;Pagado;acreditado;BANCO DE GALICIA Y BUENOS AIRES S.A.U.;6DVNO8GEVG495J8;193838;Cheques emitidos (3).csv;emitido
3388;L.A.C.E. SA;2025-10-01;;401032,0;Pagado;acreditado;BANCO DE GALICIA Y BUENOS AIRES S.A.U.;GOW9M5JE41Q9EXD;193838;Cheques emitidos (3).csv;emitido
3373;FUNDACION CENTRO PREVENCION Y;2025-10-01;;550000,0;Pagado;acreditado;BANCO DE GALICIA Y BUENOS AIRES S.A.U.;JWV9JE0GKLR2QMD;193838;Cheques emitidos (3).csv;emitido
3091;INDUSMED SAS;2025-10-02;;800000,0;Pagado;acreditado;BANCO DE GALICIA Y BUENOS AIRES S.A.U.;6ZO9W6E4P3395GP;193838;Cheques emitidos (3).csv;emitido
3372;FEDERACION DE BIOQUIMICOS DE LA PCIA DE;2025-10-02;;1671330,0;Pagado;acreditado;BANCO DE GALICIA Y BUENOS AIRES S.A.U.;Q619L8Y5XYV27JZ;193838;Cheques emitidos (3).csv;emitido
3387;JAZMIN BELEN DI BERT;2025-10-02;;49482,44;Pagado;acreditado;BANCO DE GALICIA Y BUENOS AIRES S.A.U.;RZP900KE38Y9EGJ;193838;Cheques emitidos (3).csv;emitido
3419;ASOCIACION DE ANESTESIOLOGIA;2025-10-02;;334031,0;Pagado;acreditado;BANCO DE GALICIA Y BUENOS AIRES S.A.U.;JXON1JD3VOP9Z64;193838;Cheques emitidos (3).csv;emitido
3396;ROENTGEN SA;2025-10-02;;1365852,23;Pagado;acreditado;BANCO DE GALICIA Y BUENOS AIRES S.A.U.;W612EG30Q6G9GXY;193838;Cheques emitidos (3).csv;emitido
3150;DE LA VILLA SERVICIOS ASISTENCIALES S.A;2025-10-03;;409031,31;Pagado;acreditado;BANCO DE GALICIA Y BUENOS AIRES S.A.U.;G0QNDLX48Q02EXY;193838;Cheques emitidos (3).csv;emitido
3392;POLICLINICO PRIVADO SAN LUCAS SA;2025-10-03;;2121214,98;Pagado;acreditado;BANCO DE GALICIA Y BUENOS AIRES S.A.U.;RPQ2GOD8RM09GLY;193838;Cheques emitidos (3).csv;emitido
3151;DE LA VILLA SERVICIOS ASISTENCIALES S.A;2025-10-03;;220360,77;Pagado;acreditado;BANCO DE GALICIA Y BUENOS AIRES S.A.U.;GOW9MRV6ZY8NEXD;193838;Cheques emitidos (3).csv;emitido
3402;SCM MEDICAS SA;2025-10-03;;36763,2;Pagado;acreditado;BANCO DE GALICIA Y BUENOS AIRES S.A.U.;6LEN83QKXMP9M1Y;193838;Cheques emitidos (3).csv;emitido
3381;INSTITUTO CONCI CARPINELLA SRL;2025-10-03;;1019243,06;Pagado;acreditado;BANCO DE GALICIA Y BUENOS AIRES S.A.U.;6ZO9WYE0O1KN5GP;193838;Cheques emitidos (3).csv;emitido
3382;INSTITUTO CONCI CARPINELLA SRL;2025-10-03;;2150285,27;Pagado;acreditado;BANCO DE GALICIA Y BUENOS AIRES S.A.U.;EZ8NPY1R0WPN4KV;193838;Cheques emitidos (3).csv;emitido
3397;SALUD INTEGRAL S A;2025-10-03;;185759,0;Pagado;acreditado;BANCO DE GALICIA Y BUENOS AIRES S.A.U.;EZ8NPY1R0QPN4KV;193838;Cheques emitidos (3).csv;emitido
3050;PROMET SRL;2025-10-04;;5111352,02;Pagado;acreditado;BANCO DE GALICIA Y BUENOS AIRES S.A.U.;GYKNX6R4EQP2MPR;193838;Cheques emitidos (3).csv;emitido
3192;HOSPITAL PRIVADO DE LA VILLA S;2025-10-05;;110519,12;Pagado;acreditado;BANCO DE GALICIA Y BUENOS AIRES S.A.U.;V8794415GL49PEY;193838;Cheques emitidos (3).csv;emitido
3344;ASOCIACION DE CLINICAS DEL NORTE PAMI;2025-10-06;;8429588,6;Pagado;acreditado;BANCO DE GALICIA Y BUENOS AIRES S.A.U.;4OGNYYJLQ1RN0L6;193838;Cheques emitidos (3).csv;emitido
3391;PARQUE SALUD S.A;2025-10-06;;23157,16;Pagado;acreditado;BANCO DE GALICIA Y BUENOS AIRES S.A.U.;6DVNO8GEVW495J8;193838;Cheques emitidos (3).csv;emitido
3129;INSTITUTO CONCI CARPINELLA SRL;2025-10-06;;3347265,92;Pagado;acreditado;BANCO DE GALICIA Y BUENOS AIRES S.A.U.;O172V63DOX0NKJ3;193838;Cheques emitidos (3).csv;emitido
3018;CLINICA PRIVADA DEL SOL SA;2025-10-06;;3818438,52;Pagado;acreditado;BANCO DE GALICIA Y BUENOS AIRES S.A.U.;P68NKQ6K3M5NR7O;193838;Cheques emitidos (3).csv;emitido
3220;COSEME SA;2025-10-06;;1485684,47;Pagado;acreditado;BANCO DE GALICIA Y BUENOS AIRES S.A.U.;G0QNDLMR8LV2EXY;193838;Cheques emitidos (3).csv;emitido
3401;SANATORIO PARQUE S.A;2025-10-06;;27806,78;Pagado;acreditado;BANCO DE GALICIA Y BUENOS AIRES S.A.U.;ZEPN67R38YQ9Q0M;193838;Cheques emitidos (3).csv;emitido
3343;ASOCIACION DE CLINICAS DEL NORTE PAMI;2025-10-06;;382165,5;Pagado;acreditado;BANCO DE GALICIA Y BUENOS AIRES S.A.U.;JWV9JE0GKYR2QMD;193838;Cheques emitidos (3).csv;emitido
3130;INSTITUTO CONCI CARPINELLA SRL;2025-10-06;;1189486,27;Pagado;acreditado;BANCO DE GALICIA Y BUENOS AIRES S.A.U.;LMDN34Q15OY9E7R;193838;Cheques emitidos (3).csv;emitido
3359;CLINICA PRIVADA SANTA MARIA S.A;2025-10-08;;1238206,94;Pagado;acreditado;BANCO DE GALICIA Y BUENOS AIRES S.A.U.;4MR2ZY1DE189DEZ;193838;Cheques emitidos (3).csv;emitido
3153;ECCO SA;2025-10-09;;3598217,39;Pagado;acreditado;BANCO DE GALICIA Y BUENOS AIRES S.A.U.;4OGNY6V7EQY90L6;193838;Cheques emitidos (3).csv;emitido
3104;SERVICIOS MEDICOS SRL;2025-10-09;;635992,84;Pagado;acreditado;BANCO DE GALICIA Y BUENOS AIRES S.A.U.;ZEPN66YYOKQNQ0M;193838;Cheques emitidos (3).csv;emitido
3066;SERVICIOS MEDICOS SRL;2025-10-09;;2789395,63;Pagado;acreditado;BANCO DE GALICIA Y BUENOS AIRES S.A.U.;P68NKQ6K34RNR7O;193838;Cheques emitidos (3).csv;emitido
3226;TOMAS FRANCISCO RAMOS;2025-10-10;;854760,0;Pagado;acreditado;BANCO DE GALICIA Y BUENOS AIRES S.A.U.;XJE274MXKJP27MY;193838;Cheques emitidos (3).csv;emitido
3224;RECIPE S.R.L.;2025-10-10;;803574,99;Pagado;acreditado;BANCO DE GALICIA Y BUENOS AIRES S.A.U.;4MR2Z6J1RJL2DEZ;193838;Cheques emitidos (3).csv;emitido
3168;INSTITUTO PRIVADO DE NEONATOLOGIA Y PEDI;2025-10-10;;9826102,5;Pagado;acreditado;BANCO DE GALICIA Y BUENOS AIRES S.A.U.;MKX9R6MVD8ENO6W;193838;Cheques emitidos (3).csv;emitido
3112;CASIOPEA S. A.;2025-10-10;;7000000,0;Pagado;acreditado;BANCO DE GALICIA Y BUENOS AIRES S.A.U.;EZ8NP8R6GV1N4KV;193838;Cheques emitidos (3).csv;emitido
3102;CIPREM S.R.L.;2025-10-11;;17545516,52;Pagado;acreditado;BANCO DE GALICIA Y BUENOS AIRES S.A.U.;RZP90WGGYLY9EGJ;193838;Cheques emitidos (3).csv;emitido
3139;CLINICA PRIVADA DEL SOL SA;2025-10-12;;4397298,54;Pagado;acreditado;BANCO DE GALICIA Y BUENOS AIRES S.A.U.;G0QNDLX48D02EXY;193838;Cheques emitidos (3).csv;emitido
3390;NEPHROS SRL;2025-10-12;;2404802,4;Pagado;acreditado;BANCO DE GALICIA Y BUENOS AIRES S.A.U.;G0QNDM0V3WVNEXY;193838;Cheques emitidos (3).csv;emitido
3329;BARIATRICA S.A.;2025-10-13;;181338,0;Pagado;acreditado;BANCO DE GALICIA Y BUENOS AIRES S.A.U.;RZP900KE3JY9EGJ;193838;Cheques emitidos (3).csv;emitido
3341;CIPREM S.R.L.;2025-10-13;;8022871,24;Pagado;acreditado;BANCO DE GALICIA Y BUENOS AIRES S.A.U.;ZEPN67R38RQ9Q0M;193838;Cheques emitidos (3).csv;emitido
1;BARIATRICA S.A.;2025-10-13;;1627100,0;Pagado;acreditado;BANCO DE GALICIA Y BUENOS AIRES S.A.U.;6DVNO6KKDE125J8;49049;Cheques emitidos (3).csv;emitido
3351;CLINICA PRIVADA COAT SRL;2025-10-13;;166527,25;Pagado;acreditado;BANCO DE GALICIA Y BUENOS AIRES S.A.U.;GYKNXYRJ3RO9MPR;193838;Cheques emitidos (3).csv;emitido
3395;REYLES SA;2025-10-14;;63626,94;Pagado;acreditado;BANCO DE GALICIA Y BUENOS AIRES S.A.U.;6ZO9WYE0OVKN5GP;193838;Cheques emitidos (3).csv;emitido
2904;SINEC SA;2025-10-14;;5000000,0;Pagado;acreditado;BANCO DE GALICIA Y BUENOS AIRES S.A.U.;4MR2ZR035G0NDEZ;193838;Cheques emitidos (3).csv;emitido
3186;UNIDAD DIGESTIVA BAISTROCCHI S.R.L.;2025-10-14;;951068,91;Pagado;acreditado;BANCO DE GALICIA Y BUENOS AIRES S.A.U.;GYKNX6ZGQOQ2MPR;193838;Cheques emitidos (3).csv;emitido
3187;UNIDAD DIGESTIVA BAISTROCCHI S.R.L.;2025-10-14;;142329,58;Pagado;acreditado;BANCO DE GALICIA Y BUENOS AIRES S.A.U.;ZEPN6601P4VNQ0M;193838;Cheques emitidos (3).csv;emitido
3330;CAMARA DE ENTIDADES DE SALUD;2025-10-15;;2577386,66;Pagado;acreditado;BANCO DE GALICIA Y BUENOS AIRES S.A.U.;XJE27OQ3PEJ27MY;193838;Cheques emitidos (3).csv;emitido
3352;CLINICA PRIVADA DE LA CIUDAD SRL;2025-10-15;;1408192,48;Pagado;acreditado;BANCO DE GALICIA Y BUENOS AIRES S.A.U.;EZ8NPY1R01PN4KV;193838;Cheques emitidos (3).csv;emitido
2785;SANATORIO DEL SALVADOR PRIVAD SA;2025-10-15;;5809910,06;Pagado;acreditado;BANCO DE GALICIA Y BUENOS AIRES S.A.U.;RZP90480KYY2EGJ;193838;Cheques emitidos (3).csv;emitido
3420;INDUSMED SAS;2025-10-15;;900000,0;Pagado;acreditado;BANCO DE GALICIA Y BUENOS AIRES S.A.U.;4MR2ZYKD60Y9DEZ;193838;Cheques emitidos (3).csv;emitido
3422;INDUSMED SAS;2025-10-15;;600000,0;Pagado;acreditado;BANCO DE GALICIA Y BUENOS AIRES S.A.U.;JWV9JE7G8DM2QMD;193838;Cheques emitidos (3).csv;emitido
3389;LECOUSER S.A.;2025-10-15;;189555,0;Pagado;acreditado;BANCO DE GALICIA Y BUENOS AIRES S.A.U.;XJE27OQ3PDJ27MY;193838;Cheques emitidos (3).csv;emitido
3425;MERCEDES LUISA DEL VALLE TABARES;2025-10-15;;274999,97;Pagado;acreditado;BANCO DE GALICIA Y BUENOS AIRES S.A.U.;G7V95G63YX49EMP;193838;Cheques emitidos (3).csv;emitido
3380;IMAGENES SRL PRIVADO;2025-10-15;;210504,89;Pagado;acreditado;BANCO DE GALICIA Y BUENOS AIRES S.A.U.;O172VY1V7ZK2KJ3;193838;Cheques emitidos (3).csv;emitido
3379;IMAGENES MEDICAS SRL;2025-10-15;;257422,08;Pagado;acreditado;BANCO DE GALICIA Y BUENOS AIRES S.A.U.;MKX9RY1EL7O2O6W;193838;Cheques emitidos (3).csv;emitido
3414;UROLIT SA;2025-10-16;;610694,0;Pagado;acreditado;BANCO DE GALICIA Y BUENOS AIRES S.A.U.;6DVNO8GEVPM95J8;193838;Cheques emitidos (3).csv;emitido
3429;NEPHROS SRL;2025-10-16;;2404802,4;Pagado;acreditado;BANCO DE GALICIA Y BUENOS AIRES S.A.U.;6ZO9WYXZ537N5GP;193838;Cheques emitidos (3).csv;emitido
2938;SANATORIO DEL SALVADOR PRIVADO SA;2025-10-16;;5724579,8;Pagado;acreditado;BANCO DE GALICIA Y BUENOS AIRES S.A.U.;G7V95YYR75M9EMP;193838;Cheques emitidos (3).csv;emitido
2996;CE MO SA;2025-10-17;;990748,98;Pagado;acreditado;BANCO DE GALICIA Y BUENOS AIRES S.A.U.;W612ED3WXYO9GXY;193838;Cheques emitidos (3).csv;emitido
2995;CE MO SA;2025-10-17;;10421,5;Pagado;acreditado;BANCO DE GALICIA Y BUENOS AIRES S.A.U.;EZ8NP81MK54N4KV;193838;Cheques emitidos (3).csv;emitido
3211;SERVICIOS MEDICOS SRL;2025-10-19;;13543868,82;Pagado;acreditado;BANCO DE GALICIA Y BUENOS AIRES S.A.U.;MKX9R66ZKZ4NO6W;193838;Cheques emitidos (3).csv;emitido
3110;CASIOPEA S. A.;2025-10-20;;7000000,0;Pagado;acreditado;BANCO DE GALICIA Y BUENOS AIRES S.A.U.;EZ8NP8R6OX1N4KV;193838;Cheques emitidos (3).csv;emitido
3207;INDUSMED SAS;2025-10-20;;506666,66;Pagado;acreditado;BANCO DE GALICIA Y BUENOS AIRES S.A.U.;P68NKQQO3ZDNR7O;193838;Cheques emitidos (3).csv;emitido
3076;SANATORIO DEL SALVADOR PRIVADO SA;2025-10-20;;4350900,53;Pagado;acreditado;BANCO DE GALICIA Y BUENOS AIRES S.A.U.;XJE274Q68ZL27MY;193838;Cheques emitidos (3).csv;emitido
3348;CLINICA CHUTRO S.R.L.;2025-10-20;;376551,95;Vencido;rechazado;BANCO DE GALICIA Y BUENOS AIRES S.A.U.;XJE27OQ3PQJ27MY;193838;Cheques emitidos (3).csv;emitido
3051;PROMET SRL;2025-10-21;;5111352,02;Pagado;acreditado;BANCO DE GALICIA Y BUENOS AIRES S.A.U.;Q619LEY3M13N7JZ;193838;Cheques emitidos (3).csv;emitido
3145;CLINICA PRIVADA SANTA MARIA S.A;2025-10-21;;4211958,23;Pagado;acreditado;BANCO DE GALICIA Y BUENOS AIRES S.A.U.;ZEPN6601PEVNQ0M;193838;Cheques emitidos (3).csv;emitido
3163;GPAL BIOQUIMICA CLINICA SAS;2025-10-21;;358522,0;Pagado;acreditado;BANCO DE GALICIA Y BUENOS AIRES S.A.U.;XJE274JZ5Y627MY;193838;Cheques emitidos (3).csv;emitido
3162;GPAL BIOQUIMICA CLINICA SAS;2025-10-21;;1015479,72;Pagado;acreditado;BANCO DE GALICIA Y BUENOS AIRES S.A.U.;4MR2Z60ORME2DEZ;193838;Cheques emitidos (3).csv;emitido
3214;CLINICA PRIVADA CARAFFA SRL;2025-10-22;;3087269,73;Pagado;acreditado;BANCO DE GALICIA Y BUENOS AIRES S.A.U.;KYZ9Q66PKPR9V50;193838;Cheques emitidos (3).csv;emitido
3184;SOLBO SAS;2025-10-22;;619944,0;Pagado;acreditado;BANCO DE GALICIA Y BUENOS AIRES S.A.U.;LMDN34Q153W9E7R;193838;Cheques emitidos (3).csv;emitido
3185;SOLBO SAS;2025-10-22;;31845,0;Pagado;acreditado;BANCO DE GALICIA Y BUENOS AIRES S.A.U.;RPQ2GGP41LY2GLY;193838;Cheques emitidos (3).csv;emitido
3360;CLINICA PRIVADA SANTA MARIA S.A;2025-10-22;;1238206,95;Pagado;acreditado;BANCO DE GALICIA Y BUENOS AIRES S.A.U.;P68NKR67PDP9R7O;193838;Cheques emitidos (3).csv;emitido
2890;SOCIEDAD DE BENEFICENCIA HOSPITAL ITALIA;2025-10-22;;4290985,5;Pagado;acreditado;BANCO DE GALICIA Y BUENOS AIRES S.A.U.;6ZO9W3Q88L795GP;193838;Cheques emitidos (3).csv;emitido
3403;SERVICIOS MEDICOS SRL;2025-10-22;;539655,99;Pagado;acreditado;BANCO DE GALICIA Y BUENOS AIRES S.A.U.;V8794MKXW0E2PEY;193838;Cheques emitidos (3).csv;emitido
3404;SERVICIOS MEDICOS SRL;2025-10-22;;4144329,07;Pagado;acreditado;BANCO DE GALICIA Y BUENOS AIRES S.A.U.;GYKNXYRJ30O9MPR;193838;Cheques emitidos (3).csv;emitido
2926;SOCIEDAD DE BENEFICENCIA HOSPITAL ITALIA;2025-10-22;;286241,61;Pagado;acreditado;BANCO DE GALICIA Y BUENOS AIRES S.A.U.;6DVNO0JKKEM25J8;193838;Cheques emitidos (3).csv;emitido
3020;CLINICA PRIVADA INTEGRAL DE PSIQUIATRIA;2025-10-23;;3623380,0;Pagado;acreditado;BANCO DE GALICIA Y BUENOS AIRES S.A.U.;JXON147RV03NZ64;193838;Cheques emitidos (3).csv;emitido
3371;ESTIX SAS;2025-10-23;;104538,94;Pagado;acreditado;BANCO DE GALICIA Y BUENOS AIRES S.A.U.;6LEN83QKX7P9M1Y;193838;Cheques emitidos (3).csv;emitido
3134;CLINICA CHUTRO S.R.L.;2025-10-23;;38016,08;Vencido;rechazado;BANCO DE GALICIA Y BUENOS AIRES S.A.U.;V87944Z15W49PEY;193838;Cheques emitidos (3).csv;emitido
3021;CLINICA PRIVADA INTEGRAL DE PSIQUIATRIA;2025-10-23;;39864,0;Pagado;acreditado;BANCO DE GALICIA Y BUENOS AIRES S.A.U.;4MR2Z618KXE2DEZ;193838;Cheques emitidos (3).csv;emitido
3342;CIPREM S.R.L.;2025-10-23;;8022871,24;Pagado;acreditado;BANCO DE GALICIA Y BUENOS AIRES S.A.U.;ZEPN67R38QQ9Q0M;193838;Cheques emitidos (3).csv;emitido
3123;CE MO SA;2025-10-24;;1348430,24;Pagado;acreditado;BANCO DE GALICIA Y BUENOS AIRES S.A.U.;XJE274JZ5P627MY;193838;Cheques emitidos (3).csv;emitido
3385;INSTITUTO PRIVADO DE NEONATOLOGIA Y PEDI;2025-10-25;;2545226,98;Pagado;acreditado;BANCO DE GALICIA Y BUENOS AIRES S.A.U.;6LEN83QKXPP9M1Y;193838;Cheques emitidos (3).csv;emitido
3225;RECIPE S.R.L.;2025-10-25;;803575,0;Pagado;acreditado;BANCO DE GALICIA Y BUENOS AIRES S.A.U.;EZ8NP8E1JOGN4KV;193838;Cheques emitidos (3).csv;emitido
3369;EL JUNCO SERVICIOS SOCIALES S.A.;2025-10-26;;72874,0;Pagado;acreditado;BANCO DE GALICIA Y BUENOS AIRES S.A.U.;4OGNYYJLQJRN0L6;193838;Cheques emitidos (3).csv;emitido
3368;EL JUNCO SERVICIOS SOCIALES S.A.;2025-10-26;;127370,0;Pagado;acreditado;BANCO DE GALICIA Y BUENOS AIRES S.A.U.;O172VY1V71K2KJ3;193838;Cheques emitidos (3).csv;emitido
3358;CLINICA PRIVADA SAINT MICHEL S.R.L.;2025-10-27;;51277,13;Pagado;acreditado;BANCO DE GALICIA Y BUENOS AIRES S.A.U.;G7V95GJ35KL9EMP;193838;Cheques emitidos (3).csv;emitido
3432;MERCEDES LUISA DEL VALLE TABARES;2025-10-27;;259999,96;Pagado;acreditado;BANCO DE GALICIA Y BUENOS AIRES S.A.U.;JXON1J88GZP9Z64;193838;Cheques emitidos (3).csv;emitido
3221;COSEME SA;2025-10-27;;1485684,48;Pagado;acreditado;BANCO DE GALICIA Y BUENOS AIRES S.A.U.;GOW9MR53ZRQNEXD;193838;Cheques emitidos (3).csv;emitido
3067;SOCIEDAD DE BENEFICENCIA HOSPITAL ITALIA;2025-10-27;;4014550,8;Pagado;acreditado;BANCO DE GALICIA Y BUENOS AIRES S.A.U.;GYKNX6R4EGP2MPR;193838;Cheques emitidos (3).csv;emitido
3357;CLINICA PRIVADA JESUS MARIA DR. A.VIALE;2025-10-27;;459698,55;Pagado;acreditado;BANCO DE GALICIA Y BUENOS AIRES S.A.U.;G0QNDM0V30VNEXY;193838;Cheques emitidos (3).csv;emitido
3332;CE MO SA;2025-10-27;;666818,43;Pagado;acreditado;BANCO DE GALICIA Y BUENOS AIRES S.A.U.;GYKNXYRJ31O9MPR;193838;Cheques emitidos (3).csv;emitido
3383;INSTITUTO CONCI CARPINELLA SRL;2025-10-27;;3169528,34;Pagado;acreditado;BANCO DE GALICIA Y BUENOS AIRES S.A.U.;4OGNYYJLQGRN0L6;193838;Cheques emitidos (3).csv;emitido
3333;CE MO SA;2025-10-27;;241536,32;Pagado;acreditado;BANCO DE GALICIA Y BUENOS AIRES S.A.U.;6ZO9WYE0OEKN5GP;193838;Cheques emitidos (3).csv;emitido
3203;DORAR SA;2025-10-28;;566000,0;Pagado;acreditado;BANCO DE GALICIA Y BUENOS AIRES S.A.U.;KYZ9Q6LRPXR9V50;193838;Cheques emitidos (3).csv;emitido
3181;SAN FRANCISCO SALUD - CONSORCIO DE COOPE;2025-10-29;;2761752,99;Pagado;acreditado;BANCO DE GALICIA Y BUENOS AIRES S.A.U.;RZP90W714L59EGJ;193838;Cheques emitidos (3).csv;emitido
3154;ECCO SA;2025-10-29;;3598217,39;Pagado;acreditado;BANCO DE GALICIA Y BUENOS AIRES S.A.U.;GYKNX6ZGQ3Q2MPR;193838;Cheques emitidos (3).csv;emitido
3331;CAMARA DE ENTIDADES DE SALUD;2025-10-29;;2577386,67;Pagado;acreditado;BANCO DE GALICIA Y BUENOS AIRES S.A.U.;GOW9M5JE4DQ9EXD;193838;Cheques emitidos (3).csv;emitido
3328;ASOC PRESTADORES DE HEMODIALISIS Y TRANS;2025-10-30;;8196803,8;Pagado;acreditado;BANCO DE GALICIA Y BUENOS AIRES S.A.U.;LMDN3DG8RM52E7R;193838;Cheques emitidos (3).csv;emitido
3327;ASOCIACION DE MEDICOS PATOLOGOS Y CITOPA;2025-10-30;;212665,0;Pagado;acreditado;BANCO DE GALICIA Y BUENOS AIRES S.A.U.;JXON1J7PQVV9Z64;193838;Cheques emitidos (3).csv;emitido
3421;INDUSMED SAS;2025-10-31;;900000,0;Pagado;acreditado;BANCO DE GALICIA Y BUENOS AIRES S.A.U.;G7V95G634VR9EMP;193838;Cheques emitidos (3).csv;emitido
3415;SINEC SA;2025-11-01;;4250000,0;Pagado;acreditado;BANCO DE GALICIA Y BUENOS AIRES S.A.U.;6LEN83QZWD49M1Y;193838;Cheques emitidos (3).csv;emitido
6;DORAR SA;2025-11-01;;849000,0;Pagado;acreditado;BANCO DE GALICIA Y BUENOS AIRES S.A.U.;G7V95GPEVR49EMP;49049;Cheques emitidos (3).csv;emitido
3363;DE LA VILLA SERVICIOS ASISTENCIALES S.A;2025-11-03;;61574,51;Pagado;acreditado;BANCO DE GALICIA Y BUENOS AIRES S.A.U.;G0QNDM0V3JVNEXY;193838;Cheques emitidos (3).csv;emitido
3364;DE LA VILLA SERVICIOS ASISTENCIALES S.A;2025-11-03;;1403243,68;Pagado;acreditado;BANCO DE GALICIA Y BUENOS AIRES S.A.U.;GOW9M5JE48Q9EXD;193838;Cheques emitidos (3).csv;emitido
3111;CASIOPEA S. A.;2025-11-04;;7500000,0;Pagado;acreditado;BANCO DE GALICIA Y BUENOS AIRES S.A.U.;GYKNX6J5P1W2MPR;193838;Cheques emitidos (3).csv;emitido
3052;PROMET SRL;2025-11-05;;5111352,02;Pagado;acreditado;BANCO DE GALICIA Y BUENOS AIRES S.A.U.;G0QNDL0KG4G2EXY;193838;Cheques emitidos (3).csv;emitido
3378;HOSPITAL PRIVADO DE LA VILLA S;2025-11-05;;306274,37;Pagado;acreditado;BANCO DE GALICIA Y BUENOS AIRES S.A.U.;G7V95GJ35EL9EMP;193838;Cheques emitidos (3).csv;emitido
12;INSTITUTO CONCI CARPINELLA SRL;2025-11-06;;3747073,19;Rechazado con acuerdo;rechazado;BANCO DE GALICIA Y BUENOS AIRES S.A.U.;JWV9JE1ELYM2QMD;49049;Cheques emitidos (3).csv;emitido
17;INSTITUTO CONCI CARPINELLA SRL;2025-11-06;;121809,3;Rechazado con acuerdo;rechazado;BANCO DE GALICIA Y BUENOS AIRES S.A.U.;RZP900408ZR9EGJ;49049;Cheques emitidos (3).csv;emitido
3416;SINEC SA;2025-11-06;;4250000,0;Pagado;acreditado;BANCO DE GALICIA Y BUENOS AIRES S.A.U.;4MR2ZY1ZMGY9DEZ;193838;Cheques emitidos (3).csv;emitido
3426;COSEME SA;2025-11-06;;7386763,17;Pagado;acreditado;BANCO DE GALICIA Y BUENOS AIRES S.A.U.;RZP900ZEWZP9EGJ;193838;Cheques emitidos (3).csv;emitido
3384;INSTITUTO CONCI CARPINELLA SRL;2025-11-06;;3169528,34;Pagado;acreditado;BANCO DE GALICIA Y BUENOS AIRES S.A.U.;JXON1J7PQL79Z64;193838;Cheques emitidos (3).csv;emitido
3140;CLINICA PRIVADA DEL SOL SA;2025-11-06;;4397298,55;Pagado;acreditado;BANCO DE GALICIA Y BUENOS AIRES S.A.U.;O172V63DO70NKJ3;193838;Cheques emitidos (3).csv;emitido
3460;CLINICA MEDITERRANEA SALUD SA;2025-11-08;;562663,5;Pagado;acreditado;BANCO DE GALICIA Y BUENOS AIRES S.A.U.;RPQ2GOGK33G9GLY;193838;Cheques emitidos (3).csv;emitido
3465;FEDERACION DE BIOQUIMICOS DE LA PCIA DE;2025-11-08;;1481761,0;Pagado;acreditado;BANCO DE GALICIA Y BUENOS AIRES S.A.U.;GYKNXY6D1RW9MPR;193838;Cheques emitidos (3).csv;emitido
3480;POLICLINICO PRIVADO SAN LUCAS SA;2025-11-08;;850360,94;Pagado;acreditado;BANCO DE GALICIA Y BUENOS AIRES S.A.U.;P68NKRQZDJD9R7O;193838;Cheques emitidos (3).csv;emitido
3461;COLEGIO MEDICO REGIONAL ARROYITO;2025-11-08;;110112,59;Pagado;acreditado;BANCO DE GALICIA Y BUENOS AIRES S.A.U.;KYZ9QY6MW4RNV50;193838;Cheques emitidos (3).csv;emitido
3483;SALUD INTEGRAL S A;2025-11-08;;323861,0;Pagado;acreditado;BANCO DE GALICIA Y BUENOS AIRES S.A.U.;P68NKRQZD6D9R7O;193838;Cheques emitidos (3).csv;emitido
3469;GRUPO OPTICO S.A.;2025-11-08;;199298,0;Pagado;acreditado;BANCO DE GALICIA Y BUENOS AIRES S.A.U.;V8794M4VGK02PEY;193838;Cheques emitidos (3).csv;emitido
3468;GRUPO OPTICO S.A.;2025-11-08;;107832,0;Pagado;acreditado;BANCO DE GALICIA Y BUENOS AIRES S.A.U.;EZ8NPY8DXW1N4KV;193838;Cheques emitidos (3).csv;emitido
3459;CIRCULO MEDICO REG RIO III;2025-11-08;;61260,96;Pagado;acreditado;BANCO DE GALICIA Y BUENOS AIRES S.A.U.;6DVNO86LODM95J8;193838;Cheques emitidos (3).csv;emitido
3450;ASOCIACION DE CLINICAS DEL NORTE PAMI;2025-11-08;;8085933,88;Pagado;acreditado;BANCO DE GALICIA Y BUENOS AIRES S.A.U.;Q619L8EVLOZ27JZ;193838;Cheques emitidos (3).csv;emitido
3467;FUNDACION CENTRO PREVENCION Y;2025-11-08;;550000,0;Pagado;acreditado;BANCO DE GALICIA Y BUENOS AIRES S.A.U.;6LEN834DE709M1Y;193838;Cheques emitidos (3).csv;emitido
3449;AMPARAR S.R.L.;2025-11-08;;710740,8;Pagado;acreditado;BANCO DE GALICIA Y BUENOS AIRES S.A.U.;Q619L8EVLYZ27JZ;193838;Cheques emitidos (3).csv;emitido
3448;AMPARAR S.R.L.;2025-11-08;;625640,4;Pagado;acreditado;BANCO DE GALICIA Y BUENOS AIRES S.A.U.;G0QNDML6P04NEXY;193838;Cheques emitidos (3).csv;emitido
3447;AMPARAR S.R.L.;2025-11-08;;12100,0;Pagado;acreditado;BANCO DE GALICIA Y BUENOS AIRES S.A.U.;V8794M4VG802PEY;193838;Cheques emitidos (3).csv;emitido
3446;AMPARAR S.R.L.;2025-11-08;;527768,42;Pagado;acreditado;BANCO DE GALICIA Y BUENOS AIRES S.A.U.;ZEPN676JLQO9Q0M;193838;Cheques emitidos (3).csv;emitido
3456;CENTRO PRIVADO TOMOGRAFIA COMPUTADA CORD;2025-11-08;;771831,19;Pagado;acreditado;BANCO DE GALICIA Y BUENOS AIRES S.A.U.;JWV9JE8OY0D2QMD;193838;Cheques emitidos (3).csv;emitido
3457;CIDI SA;2025-11-08;;26923,38;Pagado;acreditado;BANCO DE GALICIA Y BUENOS AIRES S.A.U.;W612EGDOLJQ9GXY;193838;Cheques emitidos (3).csv;emitido
3452;ASOCIACION DE CLINICAS DEL NORTE PAMI;2025-11-08;;210690,48;Pagado;acreditado;BANCO DE GALICIA Y BUENOS AIRES S.A.U.;4OGNYY6MRJ4N0L6;193838;Cheques emitidos (3).csv;emitido
3451;ASOCIACION DE CLINICAS DEL NORTE PAMI;2025-11-08;;171325,0;Pagado;acreditado;BANCO DE GALICIA Y BUENOS AIRES S.A.U.;MKX9RY6GRR42O6W;193838;Cheques emitidos (3).csv;emitido
3455;CENTRO MEDICO ROENTGEN SRL;2025-11-08;;13978,28;Pagado;acreditado;BANCO DE GALICIA Y BUENOS AIRES S.A.U.;XJE27O4LEGO27MY;193838;Cheques emitidos (3).csv;emitido
3454;CENTRO MEDICO ROENTGEN SRL;2025-11-08;;18452,0;Pagado;acreditado;BANCO DE GALICIA Y BUENOS AIRES S.A.U.;6ZO9WY6L887N5GP;193838;Cheques emitidos (3).csv;emitido
3458;CIRCULO MEDICO REG RIO III;2025-11-08;;1845310,83;Pagado;acreditado;BANCO DE GALICIA Y BUENOS AIRES S.A.U.;JWV9JE8OYLD2QMD;193838;Cheques emitidos (3).csv;emitido
3462;COLEGIO PROF DE KINESIOLOGIA Y FISIOTER;2025-11-08;;157680,0;Vencido;rechazado;BANCO DE GALICIA Y BUENOS AIRES S.A.U.;O172VY6J8EV2KJ3;193838;Cheques emitidos (3).csv;emitido
3479;L.A.C.E. SA;2025-11-08;;53048,0;Pagado;acreditado;BANCO DE GALICIA Y BUENOS AIRES S.A.U.;G7V95G40KJW9EMP;193838;Cheques emitidos (3).csv;emitido
3366;ECCO SA;2025-11-09;;3284316,7;Pagado;acreditado;BANCO DE GALICIA Y BUENOS AIRES S.A.U.;W612EG30QLG9GXY;193838;Cheques emitidos (3).csv;emitido
3169;INSTITUTO PRIVADO DE NEONATOLOGIA Y PEDI;2025-11-10;;9826102,5;Pagado;acreditado;BANCO DE GALICIA Y BUENOS AIRES S.A.U.;6DVNO6J40Z125J8;193838;Cheques emitidos (3).csv;emitido
3431;TOMAS FRANCISCO RAMOS;2025-11-10;;871520,0;Pagado;acreditado;BANCO DE GALICIA Y BUENOS AIRES S.A.U.;JWV9JER6JPM2QMD;193838;Cheques emitidos (3).csv;emitido
111;ROENTGEN SA;2025-11-11;;23180,16;Pagado;acreditado;BANCO DE GALICIA Y BUENOS AIRES S.A.U.;JWV9JEE16OM2QMD;49049;Cheques emitidos (3).csv;emitido
3227;SINEC SA;2025-11-11;;4000000,0;Pagado;acreditado;BANCO DE GALICIA Y BUENOS AIRES S.A.U.;4MR2ZYLKRD09DEZ;193838;Cheques emitidos (3).csv;emitido
3417;SINEC SA;2025-11-11;;4250000,0;Pagado;acreditado;BANCO DE GALICIA Y BUENOS AIRES S.A.U.;ZEPN67R5EJP9Q0M;193838;Cheques emitidos (3).csv;emitido
65;CIPREM S.R.L.;2025-11-11;;6575134,34;Pagado;acreditado;BANCO DE GALICIA Y BUENOS AIRES S.A.U.;RZP9000Q75R9EGJ;49049;Cheques emitidos (3).csv;emitido
3398;SAN FRANCISCO SALUD - CONSORCIO DE COOPE;2025-11-11;;1253908,71;Pagado;acreditado;BANCO DE GALICIA Y BUENOS AIRES S.A.U.;P68NKR67PVP9R7O;193838;Cheques emitidos (3).csv;emitido
3353;CLINICA PRIVADA DEL SOL SA;2025-11-12;;2641922,01;Pagado;acreditado;BANCO DE GALICIA Y BUENOS AIRES S.A.U.;W612EG30Q3G9GXY;193838;Cheques emitidos (3).csv;emitido
73;UNIDAD DIGESTIVA BAISTROCCHI S.R.L.;2025-11-12;;559126,24;Pagado;acreditado;BANCO DE GALICIA Y BUENOS AIRES S.A.U.;JWV9JEE16R82QMD;49049;Cheques emitidos (3).csv;emitido
74;UNIDAD DIGESTIVA BAISTROCCHI S.R.L.;2025-11-12;;100215,22;Pagado;acreditado;BANCO DE GALICIA Y BUENOS AIRES S.A.U.;ZEPN677POZW9Q0M;49049;Cheques emitidos (3).csv;emitido
89;CLINICA PRIVADA DE ESPECIALIDADES DE VIL;2025-11-12;;13978,28;Pagado;acreditado;BANCO DE GALICIA Y BUENOS AIRES S.A.U.;GYKNXYYQKDK9MPR;49049;Cheques emitidos (3).csv;emitido
3199;SOCIEDAD DE BENEFICENCIA HOSPITAL ITALIA;2025-11-12;;2229186,88;Pagado;acreditado;BANCO DE GALICIA Y BUENOS AIRES S.A.U.;JWV9J841YX39QMD;193838;Cheques emitidos (3).csv;emitido
81;BARIATRICA S.A.;2025-11-13;;2817341,85;Pagado;acreditado;BANCO DE GALICIA Y BUENOS AIRES S.A.U.;EZ8NPYYJ3RRN4KV;49049;Cheques emitidos (3).csv;emitido
88;CLINICA PRIVADA COAT SRL;2025-11-13;;90638,0;Pagado;acreditado;BANCO DE GALICIA Y BUENOS AIRES S.A.U.;XJE27OO513E27MY;49049;Cheques emitidos (3).csv;emitido
3399;SANATORIO DEL SALVADOR PRIVADO SA;2025-11-13;;4350149,18;Pagado;acreditado;BANCO DE GALICIA Y BUENOS AIRES S.A.U.;G7V95GJ35DL9EMP;193838;Cheques emitidos (3).csv;emitido
3466;BARROSO, FRANCO JOEL;2025-11-13;;43295,0;Pagado;acreditado;BANCO DE GALICIA Y BUENOS AIRES S.A.U.;MKX9RY6GR142O6W;193838;Cheques emitidos (3).csv;emitido
116;UNIVERSIDAD NACIONAL DE CORDOBA;2025-11-13;;507080,0;Pagado;acreditado;BANCO DE GALICIA Y BUENOS AIRES S.A.U.;G7V95GGYO0D9EMP;49049;Cheques emitidos (3).csv;emitido
3436;OMICRON SRL;2025-11-14;;726666,66;Pagado;acreditado;BANCO DE GALICIA Y BUENOS AIRES S.A.U.;MKX9RYGG4W12O6W;193838;Cheques emitidos (3).csv;emitido
87;CENTRO UROLOGICO PROFESOR BENGIO SA;2025-11-14;;17696,0;Pagado;acreditado;BANCO DE GALICIA Y BUENOS AIRES S.A.U.;RZP90004YD69EGJ;49049;Cheques emitidos (3).csv;emitido
79;CLINICA PRIVADA CARAFFA SRL;2025-11-14;;428732,59;Pagado;acreditado;BANCO DE GALICIA Y BUENOS AIRES S.A.U.;4OGNYYYE8LVN0L6;49049;Cheques emitidos (3).csv;emitido
107;IMAGENES SRL PRIVADO;2025-11-15;;24344,29;Pagado;acreditado;BANCO DE GALICIA Y BUENOS AIRES S.A.U.;V8794MM5OVQ2PEY;49049;Cheques emitidos (3).csv;emitido
106;IMAGENES MEDICAS SRL;2025-11-15;;221116,16;Pagado;acreditado;BANCO DE GALICIA Y BUENOS AIRES S.A.U.;4MR2ZYYRWG09DEZ;49049;Cheques emitidos (3).csv;emitido
75;CLINICA PRIVADA DEL SOL SA;2025-11-15;;5619135,68;Pagado;acreditado;BANCO DE GALICIA Y BUENOS AIRES S.A.U.;4OGNYYYE8MMN0L6;49049;Cheques emitidos (3).csv;emitido
90;CLINICA PRIVADA DE LA CIUDAD SRL;2025-11-15;;1456049,08;Pagado;acreditado;BANCO DE GALICIA Y BUENOS AIRES S.A.U.;O172VYYOWJR2KJ3;49049;Cheques emitidos (3).csv;emitido
3423;INDUSMED SAS;2025-11-15;;600000,0;Pagado;acreditado;BANCO DE GALICIA Y BUENOS AIRES S.A.U.;JXON1JVP4O19Z64;193838;Cheques emitidos (3).csv;emitido
3407;SOCIEDAD DE BENEFICENCIA HOSPITAL ITALIA;2025-11-15;;5187321,28;Pagado;acreditado;BANCO DE GALICIA Y BUENOS AIRES S.A.U.;RZP900KE3GY9EGJ;193838;Cheques emitidos (3).csv;emitido
3418;SINEC SA;2025-11-15;;4250000,0;Pagado;acreditado;BANCO DE GALICIA Y BUENOS AIRES S.A.U.;O172VY1R0JR2KJ3;193838;Cheques emitidos (3).csv;emitido
82;CAMARA DE ENTIDADES DE SALUD;2025-11-15;;3442698,44;Pagado;acreditado;BANCO DE GALICIA Y BUENOS AIRES S.A.U.;G7V95GGYO3R9EMP;49049;Cheques emitidos (3).csv;emitido
117;UROLIT SA;2025-11-16;;37500,0;Pagado;acreditado;BANCO DE GALICIA Y BUENOS AIRES S.A.U.;Q619L881P5X27JZ;49049;Cheques emitidos (3).csv;emitido
108;JAZMIN BELEN DI BERT;2025-11-16;;49482,44;Pagado;acreditado;BANCO DE GALICIA Y BUENOS AIRES S.A.U.;MKX9RYYD3EK2O6W;49049;Cheques emitidos (3).csv;emitido
3433;INDUSMED SAS;2025-11-17;;2316666,66;Pagado;acreditado;BANCO DE GALICIA Y BUENOS AIRES S.A.U.;4OGNYYMMD0MN0L6;193838;Cheques emitidos (3).csv;emitido
110;PARQUE SALUD S.A;2025-11-17;;35896,74;Pagado;acreditado;BANCO DE GALICIA Y BUENOS AIRES S.A.U.;LMDN3DD5Y8X2E7R;49049;Cheques emitidos (3).csv;emitido
3077;SANATORIO DEL SALVADOR PRIVADO SA;2025-11-17;;4350900,54;Pagado;acreditado;BANCO DE GALICIA Y BUENOS AIRES S.A.U.;LMDN34G7J1W9E7R;193838;Cheques emitidos (3).csv;emitido
59;SERVICIOS MEDICOS SRL;2025-11-17;;8830426,13;Pagado;acreditado;BANCO DE GALICIA Y BUENOS AIRES S.A.U.;RZP90004YQ49EGJ;49049;Cheques emitidos (3).csv;emitido
109;NEPHROS SRL;2025-11-18;;554954,4;Pagado;acreditado;BANCO DE GALICIA Y BUENOS AIRES S.A.U.;P68NKRR1Y7Z9R7O;49049;Cheques emitidos (3).csv;emitido
3053;PROMET SRL;2025-11-18;;5111352,02;Pagado;acreditado;BANCO DE GALICIA Y BUENOS AIRES S.A.U.;6DVNO6GP14E25J8;193838;Cheques emitidos (3).csv;emitido
3068;SOCIEDAD DE BENEFICENCIA HOSPITAL ITALIA;2025-11-18;;4014550,81;Pagado;acreditado;BANCO DE GALICIA Y BUENOS AIRES S.A.U.;RZP90WKGZ159EGJ;193838;Cheques emitidos (3).csv;emitido
3228;SINEC SA;2025-11-18;;4000000,0;Pagado;acreditado;BANCO DE GALICIA Y BUENOS AIRES S.A.U.;RPQ2GO3E1KJ9GLY;193838;Cheques emitidos (3).csv;emitido
3212;SERVICIOS MEDICOS SRL;2025-11-19;;13543868,83;Pagado;acreditado;BANCO DE GALICIA Y BUENOS AIRES S.A.U.;RPQ2GGGYEYG2GLY;193838;Cheques emitidos (3).csv;emitido
3213;SERVICIOS MEDICOS SRL;2025-11-19;;375609,88;Pagado;acreditado;BANCO DE GALICIA Y BUENOS AIRES S.A.U.;6ZO9W66DPD795GP;193838;Cheques emitidos (3).csv;emitido
3386;INSTITUTO PRIVADO DE NEONATOLOGIA Y PEDI;2025-11-20;;2545226,98;Pagado;acreditado;BANCO DE GALICIA Y BUENOS AIRES S.A.U.;Q619L8Y5X0V27JZ;193838;Cheques emitidos (3).csv;emitido
3208;INDUSMED SAS;2025-11-20;;506666,66;Pagado;acreditado;BANCO DE GALICIA Y BUENOS AIRES S.A.U.;LMDN344PJP69E7R;193838;Cheques emitidos (3).csv;emitido
3194;PROMET SRL;2025-11-20;;7225957,01;Pagado;acreditado;BANCO DE GALICIA Y BUENOS AIRES S.A.U.;6ZO9W6M38P595GP;193838;Cheques emitidos (3).csv;emitido
92;CLINICA PRIVADA INTEGRAL DE PSIQUIATRIA;2025-11-20;;1006934,0;Pagado;acreditado;BANCO DE GALICIA Y BUENOS AIRES S.A.U.;ZEPN677PO3P9Q0M;49049;Cheques emitidos (3).csv;emitido
3375;GPAL BIOQUIMICA CLINICA SAS;2025-11-21;;1732280,0;Pagado;acreditado;BANCO DE GALICIA Y BUENOS AIRES S.A.U.;LMDN3DG8RX52E7R;193838;Cheques emitidos (3).csv;emitido
3405;SERVICIOS MEDICOS SRL;2025-11-22;;4683985,06;Pagado;acreditado;BANCO DE GALICIA Y BUENOS AIRES S.A.U.;JWV9JE0GKXR2QMD;193838;Cheques emitidos (3).csv;emitido
3409;SOLBO SAS;2025-11-22;;56435,0;Pagado;acreditado;BANCO DE GALICIA Y BUENOS AIRES S.A.U.;RPQ2GOD8RXG9GLY;193838;Cheques emitidos (3).csv;emitido
3410;SOLBO SAS;2025-11-22;;821941,0;Pagado;acreditado;BANCO DE GALICIA Y BUENOS AIRES S.A.U.;RZP900KE3GP9EGJ;193838;Cheques emitidos (3).csv;emitido
66;CIPREM S.R.L.;2025-11-22;;6575134,34;Pagado;acreditado;BANCO DE GALICIA Y BUENOS AIRES S.A.U.;JWV9JEER5L32QMD;49049;Cheques emitidos (3).csv;emitido
94;CLINICA PRIVADA SANTA MARIA S.A;2025-11-22;;705891,98;Pagado;acreditado;BANCO DE GALICIA Y BUENOS AIRES S.A.U.;GYKNXYYQKJX9MPR;49049;Cheques emitidos (3).csv;emitido
3350;CLINICA PRIVADA CARAFFA SRL;2025-11-22;;983407,76;Pagado;acreditado;BANCO DE GALICIA Y BUENOS AIRES S.A.U.;RZP900KE3KY9EGJ;193838;Cheques emitidos (3).csv;emitido
3142;CLINICA PRIVADA INTEGRAL DE PSIQUIATRIA;2025-11-23;;40994,0;Pagado;acreditado;BANCO DE GALICIA Y BUENOS AIRES S.A.U.;RZP90W714XR9EGJ;193838;Cheques emitidos (3).csv;emitido
3141;CLINICA PRIVADA INTEGRAL DE PSIQUIATRIA;2025-11-23;;592636,0;Pagado;acreditado;BANCO DE GALICIA Y BUENOS AIRES S.A.U.;RZP90W7143R9EGJ;193838;Cheques emitidos (3).csv;emitido
102;ESTIX SAS;2025-11-23;;272179,58;Pagado;acreditado;BANCO DE GALICIA Y BUENOS AIRES S.A.U.;6ZO9WYY3X0XN5GP;49049;Cheques emitidos (3).csv;emitido
3229;SINEC SA;2025-11-25;;4000000,0;Pagado;acreditado;BANCO DE GALICIA Y BUENOS AIRES S.A.U.;V8794MGL5XQ2PEY;193838;Cheques emitidos (3).csv;emitido
3471;INSTITUTO PRIVADO DE NEONATOLOGIA Y PEDI;2025-11-25;;5659017,37;Pagado;acreditado;BANCO DE GALICIA Y BUENOS AIRES S.A.U.;JXON1J48KDV9Z64;193838;Cheques emitidos (3).csv;emitido
3475;INSTITUTO PRIVADO DE NEONATOLOGIA Y PEDI;2025-11-25;;69628,25;Pagado;acreditado;BANCO DE GALICIA Y BUENOS AIRES S.A.U.;XJE27O4LEQO27MY;193838;Cheques emitidos (3).csv;emitido
112;SANATORIO PARQUE S.A;2025-11-25;;1181120,76;Pagado;acreditado;BANCO DE GALICIA Y BUENOS AIRES S.A.U.;RZP90004YD49EGJ;49049;Cheques emitidos (3).csv;emitido
101;EL JUNCO SERVICIOS SOCIALES S.A.;2025-11-26;;3200,0;Pagado;acreditado;BANCO DE GALICIA Y BUENOS AIRES S.A.U.;4MR2ZYYRWDY9DEZ;49049;Cheques emitidos (3).csv;emitido
99;EL JUNCO SERVICIOS SOCIALES S.A.;2025-11-26;;77714,0;Pagado;acreditado;BANCO DE GALICIA Y BUENOS AIRES S.A.U.;MKX9RYYD3G12O6W;49049;Cheques emitidos (3).csv;emitido
100;EL JUNCO SERVICIOS SOCIALES S.A.;2025-11-26;;140700,0;Pagado;acreditado;BANCO DE GALICIA Y BUENOS AIRES S.A.U.;6ZO9WYY3XL1N5GP;49049;Cheques emitidos (3).csv;emitido
86;CE MO SA;2025-11-27;;33272,93;Pagado;acreditado;BANCO DE GALICIA Y BUENOS AIRES S.A.U.;JXON1JJ5E8P9Z64;49049;Cheques emitidos (3).csv;emitido
93;CLINICA PRIVADA SAINT MICHEL S.R.L.;2025-11-27;;75886,18;Pagado;acreditado;BANCO DE GALICIA Y BUENOS AIRES S.A.U.;JXON1JJ5EP19Z64;49049;Cheques emitidos (3).csv;emitido
123;OMICRON SRL;2025-11-27;;290000,0;Pagado;acreditado;BANCO DE GALICIA Y BUENOS AIRES S.A.U.;V8794M3OJM42PEY;49049;Cheques emitidos (3).csv;emitido
13;INSTITUTO CONCI CARPINELLA SRL;2025-11-27;;3747073,19;Pagado;acreditado;BANCO DE GALICIA Y BUENOS AIRES S.A.U.;Q619L818OLX27JZ;49049;Cheques emitidos (3).csv;emitido
85;CE MO SA;2025-11-27;;221719,47;Pagado;acreditado;BANCO DE GALICIA Y BUENOS AIRES S.A.U.;ZEPN677POJW9Q0M;49049;Cheques emitidos (3).csv;emitido
3197;SANATORIO DEL SALVADOR PRIVADO SA;2025-11-27;;4053686,42;Pagado;acreditado;BANCO DE GALICIA Y BUENOS AIRES S.A.U.;ZEPN661PLYPNQ0M;193838;Cheques emitidos (3).csv;emitido
3146;CLINICA PRIVADA SANTA MARIA S.A;2025-11-27;;4211958,23;Pagado;acreditado;BANCO DE GALICIA Y BUENOS AIRES S.A.U.;EZ8NP8L4J04N4KV;193838;Cheques emitidos (3).csv;emitido
15;INSTITUTO CONCI CARPINELLA SRL;2025-11-27;;813065,02;Pagado;acreditado;BANCO DE GALICIA Y BUENOS AIRES S.A.U.;GYKNXYQY01K9MPR;49049;Cheques emitidos (3).csv;emitido
3427;COSEME SA;2025-11-28;;7386763,17;Pagado;acreditado;BANCO DE GALICIA Y BUENOS AIRES S.A.U.;Q619L8M5EMZ27JZ;193838;Cheques emitidos (3).csv;emitido
83;CAMARA DE ENTIDADES DE SALUD;2025-11-29;;3442698,45;Pagado;acreditado;BANCO DE GALICIA Y BUENOS AIRES S.A.U.;LMDN3DD5YPK2E7R;49049;Cheques emitidos (3).csv;emitido
84;CAMARA DE ENTIDADES DE SALUD;2025-11-29;;145274,23;Pagado;acreditado;BANCO DE GALICIA Y BUENOS AIRES S.A.U.;6LEN8335RK49M1Y;49049;Cheques emitidos (3).csv;emitido
3367;ECCO SA;2025-11-29;;3284316,7;Pagado;acreditado;BANCO DE GALICIA Y BUENOS AIRES S.A.U.;6DVNO8GEVO495J8;193838;Cheques emitidos (3).csv;emitido
3200;SOCIEDAD DE BENEFICENCIA HOSPITAL ITALIA;2025-11-30;;2229186,89;Pagado;acreditado;BANCO DE GALICIA Y BUENOS AIRES S.A.U.;O172V6DO8P0NKJ3;193838;Cheques emitidos (3).csv;emitido
80;ASOCIACION DE MEDICOS PATOLOGOS Y CITOPA;2025-11-30;;34065,0;Pagado;acreditado;BANCO DE GALICIA Y BUENOS AIRES S.A.U.;GYKNXYYQKXX9MPR;49049;Cheques emitidos (3).csv;emitido
67;CIPREM S.R.L.;2025-11-30;;6575134,34;Pagado;acreditado;BANCO DE GALICIA Y BUENOS AIRES S.A.U.;G0QNDMMRXW0NEXY;49049;Cheques emitidos (3).csv;emitido
3453;ASOC PRESTADORES DE HEMODIALISIS Y TRANS;2025-11-30;;6000000,0;Pagado;acreditado;BANCO DE GALICIA Y BUENOS AIRES S.A.U.;RPQ2GOGK3VG9GLY;193838;Cheques emitidos (3).csv;emitido
98;DE LA VILLA SERVICIOS ASISTENCIALES S.A;2025-12-03;;353256,32;Pagado;acreditado;BANCO DE GALICIA Y BUENOS AIRES S.A.U.;6DVNO880R5G95J8;49049;Cheques emitidos (3).csv;emitido
130;SERGIO JAVIER ORENCEL;2025-12-03;;1682928,5;Pagado;acreditado;BANCO DE GALICIA Y BUENOS AIRES S.A.U.;GOW9MLD61LYNEXD;49049;Cheques emitidos (3).csv;emitido
97;DE LA VILLA SERVICIOS ASISTENCIALES S.A;2025-12-03;;319561,08;Pagado;acreditado;BANCO DE GALICIA Y BUENOS AIRES S.A.U.;GOW9M55ZPEY9EXD;49049;Cheques emitidos (3).csv;emitido
3470;HOSPITAL PRIVADO DE LA VILLA S;2025-12-05;;32048,0;Pagado;acreditado;BANCO DE GALICIA Y BUENOS AIRES S.A.U.;ZEPN676JLRO9Q0M;193838;Cheques emitidos (3).csv;emitido
128;MUTUAL MEDICA RIO CUARTO;2025-12-05;;25436746,34;Pagado;acreditado;BANCO DE GALICIA Y BUENOS AIRES S.A.U.;V8794RKGGV49PEY;49049;Cheques emitidos (3).csv;emitido
3354;CLINICA PRIVADA DEL SOL SA;2025-12-06;;2641922,01;Pagado;acreditado;BANCO DE GALICIA Y BUENOS AIRES S.A.U.;JWV9JE0GK0R2QMD;193838;Cheques emitidos (3).csv;emitido
3355;CLINICA PRIVADA DEL SOL SA;2025-12-06;;75917,26;Pagado;acreditado;BANCO DE GALICIA Y BUENOS AIRES S.A.U.;KYZ9QY4EJW6NV50;193838;Cheques emitidos (3).csv;emitido
14;INSTITUTO CONCI CARPINELLA SRL;2025-12-06;;3747073,19;Pagado;acreditado;BANCO DE GALICIA Y BUENOS AIRES S.A.U.;G0QNDM8MJPDNEXY;49049;Cheques emitidos (3).csv;emitido
16;INSTITUTO CONCI CARPINELLA SRL;2025-12-06;;813065,02;Pagado;acreditado;BANCO DE GALICIA Y BUENOS AIRES S.A.U.;6LEN8353PEO9M1Y;49049;Cheques emitidos (3).csv;emitido
131;SERGIO JAVIER ORENCEL;2025-12-08;;1682928,5;Pagado;acreditado;BANCO DE GALICIA Y BUENOS AIRES S.A.U.;XJE27KEZD0E97MY;49049;Cheques emitidos (3).csv;emitido
3054;PROMET SRL;2025-12-09;;5111352,02;Pagado;acreditado;BANCO DE GALICIA Y BUENOS AIRES S.A.U.;Q619LEY3M63N7JZ;193838;Cheques emitidos (3).csv;emitido
3428;COSEME SA;2025-12-09;;7386763,17;Pagado;acreditado;BANCO DE GALICIA Y BUENOS AIRES S.A.U.;JWV9JE7G87D2QMD;193838;Cheques emitidos (3).csv;emitido
3463;ECCO SA;2025-12-09;;3485655,0;Pagado;acreditado;BANCO DE GALICIA Y BUENOS AIRES S.A.U.;6ZO9WY6L8E7N5GP;193838;Cheques emitidos (3).csv;emitido
118;PAULA BEATRIZ ARROYO;2025-12-10;;888280,0;Pagado;acreditado;BANCO DE GALICIA Y BUENOS AIRES S.A.U.;JWV9JEVJ41M2QMD;49049;Cheques emitidos (3).csv;emitido
3219;INSTITUTO PRIVADO DE NEONATOLOGIA Y PEDI;2025-12-10;;3786831,58;Pagado;acreditado;BANCO DE GALICIA Y BUENOS AIRES S.A.U.;XJE274OV54J27MY;193838;Cheques emitidos (3).csv;emitido
3195;PROMET SRL;2025-12-10;;7225957,01;Pagado;acreditado;BANCO DE GALICIA Y BUENOS AIRES S.A.U.;ZEPN661PLXVNQ0M;193838;Cheques emitidos (3).csv;emitido
3170;INSTITUTO PRIVADO DE NEONATOLOGIA Y PEDI;2025-12-10;;9826102,5;Pagado;acreditado;BANCO DE GALICIA Y BUENOS AIRES S.A.U.;RPQ2GGP41WM2GLY;193838;Cheques emitidos (3).csv;emitido
3484;SAN FRANCISCO SALUD - CONSORCIO DE COOPE;2025-12-11;;5189932,15;Pagado;acreditado;BANCO DE GALICIA Y BUENOS AIRES S.A.U.;EZ8NPY8DX11N4KV;193838;Cheques emitidos (3).csv;emitido
143;SANATORIO DEL SALVADOR PRIVADO SA;2025-12-11;;2157938,46;Pagado;acreditado;BANCO DE GALICIA Y BUENOS AIRES S.A.U.;KYZ9Q7Q30KV2V50;49049;Cheques emitidos (3).csv;emitido
95;COSEME SA;2025-12-11;;2106883,87;Pagado;acreditado;BANCO DE GALICIA Y BUENOS AIRES S.A.U.;RPQ2GOO16YJ9GLY;49049;Cheques emitidos (3).csv;emitido
68;SERVICIOS MEDICOS SRL;2025-12-12;;8830426,13;Pagado;acreditado;BANCO DE GALICIA Y BUENOS AIRES S.A.U.;P68NKRR1YZK9R7O;49049;Cheques emitidos (3).csv;emitido
60;INSTITUTO CONCI CARPINELLA SRL;2025-12-12;;4774680,15;Pagado;acreditado;BANCO DE GALICIA Y BUENOS AIRES S.A.U.;JWV9JE8PJKZ2QMD;49049;Cheques emitidos (3).csv;emitido
76;CLINICA PRIVADA DEL SOL SA;2025-12-12;;5619135,68;Pagado;acreditado;BANCO DE GALICIA Y BUENOS AIRES S.A.U.;4MR2ZYYRW509DEZ;49049;Cheques emitidos (3).csv;emitido
3400;SANATORIO DEL SALVADOR PRIVADO SA;2025-12-13;;4350149,18;Pagado;acreditado;BANCO DE GALICIA Y BUENOS AIRES S.A.U.;4OGNYYJLQ4RN0L6;193838;Cheques emitidos (3).csv;emitido
3437;OMICRON SRL;2025-12-14;;726666,66;Pagado;acreditado;BANCO DE GALICIA Y BUENOS AIRES S.A.U.;EZ8NPYDDPEKN4KV;193838;Cheques emitidos (3).csv;emitido
3502;DIGIPAGOS SRL;2025-12-14;;5000000,0;Pagado;acreditado;BANCO DE GALICIA Y BUENOS AIRES S.A.U.;P68NKR8O3WP9R7O;193838;Cheques emitidos (3).csv;emitido
3485;SANATORIO DEL SALVADOR PRIVADO SA;2025-12-15;;3931594,97;Pagado;acreditado;BANCO DE GALICIA Y BUENOS AIRES S.A.U.;KYZ9QY6MWWRNV50;193838;Cheques emitidos (3).csv;emitido
129;MUTUAL MEDICA RIO CUARTO;2025-12-15;;12718373,17;Pagado;acreditado;BANCO DE GALICIA Y BUENOS AIRES S.A.U.;EZ8NPG1XXD4N4KV;49049;Cheques emitidos (3).csv;emitido
3503;DIGIPAGOS SRL;2025-12-15;;5000000,0;Pagado;acreditado;BANCO DE GALICIA Y BUENOS AIRES S.A.U.;6ZO9WYJDP5KN5GP;193838;Cheques emitidos (3).csv;emitido
91;CLINICA PRIVADA DE LA CIUDAD SRL;2025-12-15;;1456049,08;Pagado;acreditado;BANCO DE GALICIA Y BUENOS AIRES S.A.U.;GOW9M55ZP0Y9EXD;49049;Cheques emitidos (3).csv;emitido
3424;INDUSMED SAS;2025-12-15;;600000,0;Pagado;acreditado;BANCO DE GALICIA Y BUENOS AIRES S.A.U.;6LEN838K4L49M1Y;193838;Cheques emitidos (3).csv;emitido
7;SINEC SA;2025-12-16;;3250000,0;Pagado;acreditado;BANCO DE GALICIA Y BUENOS AIRES S.A.U.;MKX9RY5Q47O2O6W;49049;Cheques emitidos (3).csv;emitido
3504;DIGIPAGOS SRL;2025-12-16;;5000000,0;Pagado;acreditado;BANCO DE GALICIA Y BUENOS AIRES S.A.U.;GYKNXYLMEXO9MPR;193838;Cheques emitidos (3).csv;emitido
3505;DIGIPAGOS SRL;2025-12-17;;5000000,0;Pagado;acreditado;BANCO DE GALICIA Y BUENOS AIRES S.A.U.;W612EGMPXYG9GXY;193838;Cheques emitidos (3).csv;emitido
3434;INDUSMED SAS;2025-12-17;;2316666,66;Pagado;acreditado;BANCO DE GALICIA Y BUENOS AIRES S.A.U.;GYKNXYDDLVK9MPR;193838;Cheques emitidos (3).csv;emitido
166;ASOCIACION DE CLINICAS DEL NORTE PAMI;2025-12-17;;7862130,36;Pagado;acreditado;BANCO DE GALICIA Y BUENOS AIRES S.A.U.;Q619LJMDYKZ27JZ;49049;Cheques emitidos (3).csv;emitido
3476;INSTITUTO PRIVADO DE NEONATOLOGIA Y PEDI;2025-12-20;;69628,25;Pagado;acreditado;BANCO DE GALICIA Y BUENOS AIRES S.A.U.;RZP900WDJKP9EGJ;193838;Cheques emitidos (3).csv;emitido
3472;INSTITUTO PRIVADO DE NEONATOLOGIA Y PEDI;2025-12-20;;5659017,37;Pagado;acreditado;BANCO DE GALICIA Y BUENOS AIRES S.A.U.;6DVNO86LOGM95J8;193838;Cheques emitidos (3).csv;emitido
3393;PROMET SRL;2025-12-21;;5581892,02;Pagado;acreditado;BANCO DE GALICIA Y BUENOS AIRES S.A.U.;LMDN3DG8RV52E7R;193838;Cheques emitidos (3).csv;emitido
105;GPAL BIOQUIMICA CLINICA SAS;2025-12-21;;24987,0;Pagado;acreditado;BANCO DE GALICIA Y BUENOS AIRES S.A.U.;O172VYYOWJD2KJ3;49049;Cheques emitidos (3).csv;emitido
104;GPAL BIOQUIMICA CLINICA SAS;2025-12-21;;516648,0;Pagado;acreditado;BANCO DE GALICIA Y BUENOS AIRES S.A.U.;RZP90004YE69EGJ;49049;Cheques emitidos (3).csv;emitido
103;GPAL BIOQUIMICA CLINICA SAS;2025-12-21;;810511,0;Pagado;acreditado;BANCO DE GALICIA Y BUENOS AIRES S.A.U.;KYZ9QYYL1EQNV50;49049;Cheques emitidos (3).csv;emitido
3430;SERVICIOS MEDICOS SRL;2025-12-22;;1664745,65;Pagado;acreditado;BANCO DE GALICIA Y BUENOS AIRES S.A.U.;G7V95GOLPYW9EMP;193838;Cheques emitidos (3).csv;emitido
3406;SERVICIOS MEDICOS SRL;2025-12-22;;4683985,06;Pagado;acreditado;BANCO DE GALICIA Y BUENOS AIRES S.A.U.;O172VY1V7PK2KJ3;193838;Cheques emitidos (3).csv;emitido
61;INSTITUTO CONCI CARPINELLA SRL;2025-12-23;;4774680,15;Pagado;acreditado;BANCO DE GALICIA Y BUENOS AIRES S.A.U.;O172VY6G5712KJ3;49049;Cheques emitidos (3).csv;emitido
3055;PROMET SRL;2025-12-23;;5111352,04;Pagado;acreditado;BANCO DE GALICIA Y BUENOS AIRES S.A.U.;4OGNY6J4WVQ90L6;193838;Cheques emitidos (3).csv;emitido
8;SINEC SA;2025-12-23;;3250000,0;Pagado;acreditado;BANCO DE GALICIA Y BUENOS AIRES S.A.U.;P68NKRWL8JP9R7O;49049;Cheques emitidos (3).csv;emitido
3408;SOCIEDAD DE BENEFICENCIA HOSPITAL ITALIA;2025-12-23;;5187321,28;Pagado;acreditado;BANCO DE GALICIA Y BUENOS AIRES S.A.U.;JWV9JE0GKXD2QMD;193838;Cheques emitidos (3).csv;emitido
132;MUTUAL MEDICA RIO CUARTO;2025-12-25;;12718373,17;Pagado;acreditado;BANCO DE GALICIA Y BUENOS AIRES S.A.U.;GYKNX8R11DQ9MPR;49049;Cheques emitidos (3).csv;emitido
113;SOCIEDAD DE BENEFICENCIA HOSPITAL ITALIA;2025-12-26;;3627460,52;Pagado;acreditado;BANCO DE GALICIA Y BUENOS AIRES S.A.U.;6DVNO880REG95J8;49049;Cheques emitidos (3).csv;emitido
3488;SINEC SA;2025-12-26;;5000000,0;Pagado;acreditado;BANCO DE GALICIA Y BUENOS AIRES S.A.U.;P68NKR0YG1R9R7O;193838;Cheques emitidos (3).csv;emitido
3198;SANATORIO DEL SALVADOR PRIVADO SA;2025-12-27;;4053686,42;Pagado;acreditado;BANCO DE GALICIA Y BUENOS AIRES S.A.U.;G7V9541YK6MNEMP;193838;Cheques emitidos (3).csv;emitido
126;TECHNO HEALTH SRL;2025-12-27;;1869087,0;Pagado;acreditado;BANCO DE GALICIA Y BUENOS AIRES S.A.U.;O172VYQ1XVV2KJ3;49049;Cheques emitidos (3).csv;emitido
3196;PROMET SRL;2025-12-27;;7225957,01;Pagado;acreditado;BANCO DE GALICIA Y BUENOS AIRES S.A.U.;W612ED41LXO9GXY;193838;Cheques emitidos (3).csv;emitido
3147;CLINICA PRIVADA SANTA MARIA S.A;2025-12-27;;4211958,23;Pagado;acreditado;BANCO DE GALICIA Y BUENOS AIRES S.A.U.;EZ8NP8L4JP4N4KV;193838;Cheques emitidos (3).csv;emitido
96;COSEME SA;2025-12-27;;2106883,87;Pagado;acreditado;BANCO DE GALICIA Y BUENOS AIRES S.A.U.;6LEN8335RDO9M1Y;49049;Cheques emitidos (3).csv;emitido
124;OMICRON SRL;2025-12-27;;290000,0;Pagado;acreditado;BANCO DE GALICIA Y BUENOS AIRES S.A.U.;JWV9JEQ6M832QMD;49049;Cheques emitidos (3).csv;emitido
69;SERVICIOS MEDICOS SRL;2025-12-28;;8830426,13;Pagado;acreditado;BANCO DE GALICIA Y BUENOS AIRES S.A.U.;Q619L881PK827JZ;49049;Cheques emitidos (3).csv;emitido
3486;SANATORIO DEL SALVADOR PRIVADO SA;2025-12-28;;3931594,97;Pagado;acreditado;BANCO DE GALICIA Y BUENOS AIRES S.A.U.;6LEN834DEQ09M1Y;193838;Cheques emitidos (3).csv;emitido
3464;ECCO SA;2025-12-29;;3485655,0;Pagado;acreditado;BANCO DE GALICIA Y BUENOS AIRES S.A.U.;LMDN3D4ZMG62E7R;193838;Cheques emitidos (3).csv;emitido
3394;PROMET SRL;2025-12-31;;5581892,03;Pagado;acreditado;BANCO DE GALICIA Y BUENOS AIRES S.A.U.;MKX9RY1ELXO2O6W;193838;Cheques emitidos (3).csv;emitido
243;SAN FRANCISCO SALUD - CONSORCIO DE COOPE;2025-12-31;;3032551,27;Pagado;acreditado;BANCO DE GALICIA Y BUENOS AIRES S.A.U.;6DVNOM1YOV495J8;49049;Cheques emitidos (3).csv;emitido
228;JAZMIN BELEN DI BERT;2025-12-31;;130633,7;Pagado;acreditado;BANCO DE GALICIA Y BUENOS AIRES S.A.U.;JWV9JV7QJ1Z9QMD;49049;Cheques emitidos (3).csv;emitido
230;LECOUSER S.A.;2025-12-31;;71295,0;Pagado;acreditado;BANCO DE GALICIA Y BUENOS AIRES S.A.U.;6LEN8Z8WJVY9M1Y;49049;Cheques emitidos (3).csv;emitido
151;SALUD INTEGRAL S A;2025-12-31;;316424,0;Pagado;acreditado;BANCO DE GALICIA Y BUENOS AIRES S.A.U.;ZEPN65MV4OW2Q0M;49049;Cheques emitidos (3).csv;emitido
232;PROMET S.R.L.;2025-12-31;;4025624,21;Vencido;rechazado;BANCO DE GALICIA Y BUENOS AIRES S.A.U.;O172VRK05OK9KJ3;49049;Cheques emitidos (3).csv;emitido
238;INSTITUTO PRIVADO DE NEONATOLOGIA Y PEDI;2025-12-31;;2686882,27;Pagado;acreditado;BANCO DE GALICIA Y BUENOS AIRES S.A.U.;RPQ2G5EL3R02GLY;49049;Cheques emitidos (3).csv;emitido
229;L.A.C.E. SA;2025-12-31;;20800,0;Pagado;acreditado;BANCO DE GALICIA Y BUENOS AIRES S.A.U.;4MR2ZZKMVRL2DEZ;49049;Cheques emitidos (3).csv;emitido
257;INSTITUTO PRIVADO DE RADIOTERAPIA;2025-12-31;;1514202,84;Pagado;acreditado;BANCO DE GALICIA Y BUENOS AIRES S.A.U.;V8794RLEGWE9PEY;49049;Cheques emitidos (3).csv;emitido
178;CENTRO MEDICO ROENTGEN SRL;2025-12-31;;50433,34;Pagado;acreditado;BANCO DE GALICIA Y BUENOS AIRES S.A.U.;6ZO9WWPKED795GP;49049;Cheques emitidos (3).csv;emitido
204;DIAGNOSTICO Y TRATAMIENTO EN SALUD AMBUL;2025-12-31;;73745,0;Pagado;acreditado;BANCO DE GALICIA Y BUENOS AIRES S.A.U.;JXON13VQP872Z64;49049;Cheques emitidos (3).csv;emitido
134;TECHNO HEALTH SRL;2026-01-04;;3463300,0;Pagado;acreditado;BANCO DE GALICIA Y BUENOS AIRES S.A.U.;JXON137YJVV2Z64;49049;Cheques emitidos (3).csv;emitido
78;CLINICA PRIVADA DEL SOL SA;2026-01-05;;16168,5;Pagado;acreditado;BANCO DE GALICIA Y BUENOS AIRES S.A.U.;XJE27OO51VP27MY;49049;Cheques emitidos (3).csv;emitido
77;CLINICA PRIVADA DEL SOL SA;2026-01-05;;5602967,19;Pagado;acreditado;BANCO DE GALICIA Y BUENOS AIRES S.A.U.;O172VYYOWVR2KJ3;49049;Cheques emitidos (3).csv;emitido
3473;INSTITUTO PRIVADO DE NEONATOLOGIA Y PEDI;2026-01-05;;5659017,37;Pagado;acreditado;BANCO DE GALICIA Y BUENOS AIRES S.A.U.;RPQ2GOGK3DG9GLY;193838;Cheques emitidos (3).csv;emitido
3495;SINEC SA;2026-01-05;;5000000,0;Pagado;acreditado;BANCO DE GALICIA Y BUENOS AIRES S.A.U.;RPQ2GORX4WG9GLY;193838;Cheques emitidos (3).csv;emitido
3487;SANATORIO DEL SALVADOR PRIVADO SA;2026-01-05;;3931594,97;Pagado;acreditado;BANCO DE GALICIA Y BUENOS AIRES S.A.U.;JXON1J48K7V9Z64;193838;Cheques emitidos (3).csv;emitido
3477;INSTITUTO PRIVADO DE NEONATOLOGIA Y PEDI;2026-01-05;;69628,25;Pagado;acreditado;BANCO DE GALICIA Y BUENOS AIRES S.A.U.;G7V95G40KKW9EMP;193838;Cheques emitidos (3).csv;emitido
71;SERVICIOS MEDICOS SRL;2026-01-06;;5244617,3;Pagado;acreditado;BANCO DE GALICIA Y BUENOS AIRES S.A.U.;G0QNDMM87RENEXY;49049;Cheques emitidos (3).csv;emitido
70;SERVICIOS MEDICOS SRL;2026-01-06;;3435817,58;Pagado;acreditado;BANCO DE GALICIA Y BUENOS AIRES S.A.U.;G0QNDMM876DNEXY;49049;Cheques emitidos (3).csv;emitido
62;INSTITUTO CONCI CARPINELLA SRL;2026-01-06;;1644192,92;Pagado;acreditado;BANCO DE GALICIA Y BUENOS AIRES S.A.U.;JWV9JE8PJM32QMD;49049;Cheques emitidos (3).csv;emitido
63;INSTITUTO CONCI CARPINELLA SRL;2026-01-06;;2795933,61;Pagado;acreditado;BANCO DE GALICIA Y BUENOS AIRES S.A.U.;4MR2ZY6QVEL9DEZ;49049;Cheques emitidos (3).csv;emitido
72;SERVICIOS MEDICOS SRL;2026-01-06;;149991,23;Pagado;acreditado;BANCO DE GALICIA Y BUENOS AIRES S.A.U.;O172VYYOWLD2KJ3;49049;Cheques emitidos (3).csv;emitido
64;INSTITUTO CONCI CARPINELLA SRL;2026-01-06;;331553,64;Pagado;acreditado;BANCO DE GALICIA Y BUENOS AIRES S.A.U.;RZP900WR6359EGJ;49049;Cheques emitidos (3).csv;emitido
114;SOCIEDAD DE BENEFICENCIA HOSPITAL ITALIA;2026-01-07;;3627460,53;Pagado;acreditado;BANCO DE GALICIA Y BUENOS AIRES S.A.U.;4MR2ZYYRWGY9DEZ;49049;Cheques emitidos (3).csv;emitido
3489;SINEC SA;2026-01-09;;5000000,0;Pagado;acreditado;BANCO DE GALICIA Y BUENOS AIRES S.A.U.;V8794MROJ5J2PEY;193838;Cheques emitidos (3).csv;emitido
3481;PROMET SRL;2026-01-10;;5660251,07;Pagado;acreditado;BANCO DE GALICIA Y BUENOS AIRES S.A.U.;4MR2ZY6GL1G9DEZ;193838;Cheques emitidos (3).csv;emitido
3496;SINEC SA;2026-01-12;;5000000,0;Pagado;acreditado;BANCO DE GALICIA Y BUENOS AIRES S.A.U.;GOW9M54G6YZ9EXD;193838;Cheques emitidos (3).csv;emitido
277;PAULA BEATRIZ ARROYO;2026-01-12;;950290,0;Pagado;acreditado;BANCO DE GALICIA Y BUENOS AIRES S.A.U.;Q619LJ610L827JZ;49049;Cheques emitidos (3).csv;emitido
3438;OMICRON SRL;2026-01-14;;726666,67;Pagado;acreditado;BANCO DE GALICIA Y BUENOS AIRES S.A.U.;6ZO9WYLLJZ1N5GP;193838;Cheques emitidos (3).csv;emitido
207;CLIMATIZACION POLAR SA;2026-01-15;;404504,05;Pagado;acreditado;BANCO DE GALICIA Y BUENOS AIRES S.A.U.;LMDN3EJR8P5NE7R;49049;Cheques emitidos (3).csv;emitido
3490;SINEC SA;2026-01-16;;5000000,0;Pagado;acreditado;BANCO DE GALICIA Y BUENOS AIRES S.A.U.;4OGNYYK80EQN0L6;193838;Cheques emitidos (3).csv;emitido
165;TECHNO HEALTH SRL;2026-01-16;;820985,0;Pagado;acreditado;BANCO DE GALICIA Y BUENOS AIRES S.A.U.;KYZ9Q7KMXG82V50;49049;Cheques emitidos (3).csv;emitido
3435;INDUSMED SAS;2026-01-17;;2316666,67;Pagado;acreditado;BANCO DE GALICIA Y BUENOS AIRES S.A.U.;V8794MVV3JQ2PEY;193838;Cheques emitidos (3).csv;emitido
115;SOCIEDAD DE BENEFICENCIA HOSPITAL ITALIA;2026-01-17;;3627460,53;Pagado;acreditado;BANCO DE GALICIA Y BUENOS AIRES S.A.U.;JWV9JEE16O82QMD;49049;Cheques emitidos (3).csv;emitido
9;SINEC SA;2026-01-19;;3250000,0;Pagado;acreditado;BANCO DE GALICIA Y BUENOS AIRES S.A.U.;W612EGYKMJG9GXY;49049;Cheques emitidos (3).csv;emitido
3482;PROMET SRL;2026-01-20;;5660251,07;Pagado;acreditado;BANCO DE GALICIA Y BUENOS AIRES S.A.U.;4OGNYY6MR14N0L6;193838;Cheques emitidos (3).csv;emitido
3497;SINEC SA;2026-01-20;;5000000,0;Pagado;acreditado;BANCO DE GALICIA Y BUENOS AIRES S.A.U.;6DVNO8VP4ZM95J8;193838;Cheques emitidos (3).csv;emitido
3478;INSTITUTO PRIVADO DE NEONATOLOGIA Y PEDI;2026-01-20;;69628,25;Pagado;acreditado;BANCO DE GALICIA Y BUENOS AIRES S.A.U.;RZP900WDJ5P9EGJ;193838;Cheques emitidos (3).csv;emitido
3474;INSTITUTO PRIVADO DE NEONATOLOGIA Y PEDI;2026-01-20;;5659017,36;Pagado;acreditado;BANCO DE GALICIA Y BUENOS AIRES S.A.U.;O172VY6J81V2KJ3;193838;Cheques emitidos (3).csv;emitido
3491;SINEC SA;2026-01-23;;5000000,0;Pagado;acreditado;BANCO DE GALICIA Y BUENOS AIRES S.A.U.;ZEPN675ODP49Q0M;193838;Cheques emitidos (3).csv;emitido
137;CLINICA PRIVADA DEL SOL SA;2026-01-25;;9229644,36;Pagado;acreditado;BANCO DE GALICIA Y BUENOS AIRES S.A.U.;6DVNOMD5MDM95J8;49049;Cheques emitidos (3).csv;emitido
275;MUTUAL MEDICA RIO CUARTO;2026-01-25;;10985916,81;Pagado;acreditado;BANCO DE GALICIA Y BUENOS AIRES S.A.U.;G0QNDE4O6PV9EXY;49049;Cheques emitidos (3).csv;emitido
10;SINEC SA;2026-01-26;;3250000,0;Pagado;acreditado;BANCO DE GALICIA Y BUENOS AIRES S.A.U.;G7V95GPZQEL9EMP;49049;Cheques emitidos (3).csv;emitido
127;TECHNO HEALTH SRL;2026-01-27;;1869087,0;Pagado;acreditado;BANCO DE GALICIA Y BUENOS AIRES S.A.U.;Q619L8WY75Z27JZ;49049;Cheques emitidos (3).csv;emitido
125;OMICRON SRL;2026-01-27;;290000,0;Pagado;acreditado;BANCO DE GALICIA Y BUENOS AIRES S.A.U.;4OGNYYD80YYN0L6;49049;Cheques emitidos (3).csv;emitido
274;APAZA YANARICO DAVID HECTOR;2026-01-28;;1224300,0;Pagado;acreditado;BANCO DE GALICIA Y BUENOS AIRES S.A.U.;G0QNDE48WPE9EXY;49049;Cheques emitidos (3).csv;emitido
276;MUTUAL MEDICA RIO CUARTO;2026-01-29;;10985916,81;Pagado;acreditado;BANCO DE GALICIA Y BUENOS AIRES S.A.U.;XJE27KZWLEJ97MY;49049;Cheques emitidos (3).csv;emitido
3492;SINEC SA;2026-01-30;;5000000,0;Pagado;acreditado;BANCO DE GALICIA Y BUENOS AIRES S.A.U.;JXON1J3EZ5G9Z64;193838;Cheques emitidos (3).csv;emitido
341;BARIATRICA S.A.;2026-01-31;;33601,2;Pagado;acreditado;BANCO DE GALICIA Y BUENOS AIRES S.A.U.;6ZO9WWK6LJ395GP;49049;Cheques emitidos (3).csv;emitido
351;CENTRO MEDICO ROENTGEN SRL;2026-01-31;;89943,63;Pagado;acreditado;BANCO DE GALICIA Y BUENOS AIRES S.A.U.;EZ8NPGO8DPGN4KV;49049;Cheques emitidos (3).csv;emitido
212;ENRIQUE RODOLFO LUKASIEWICZ;2026-01-31;;245241,0;Pagado;acreditado;BANCO DE GALICIA Y BUENOS AIRES S.A.U.;RPQ2G5ER8K02GLY;49049;Cheques emitidos (3).csv;emitido
177;CENTRO MEDICO PRIVADO SAN ANDRES SRL EN;2026-01-31;;128890,4;Pagado;acreditado;BANCO DE GALICIA Y BUENOS AIRES S.A.U.;O172VRK51JV9KJ3;49049;Cheques emitidos (3).csv;emitido
266;CIPREM S.R.L.;2026-01-31;;13379635,76;Pagado;acreditado;BANCO DE GALICIA Y BUENOS AIRES S.A.U.;6LEN8ZOY5YO9M1Y;49049;Cheques emitidos (3).csv;emitido
147;SOCIEDAD DE BENEFICENCIA HOSPITAL ITALIA;2026-01-31;;14329464,81;Pagado;acreditado;BANCO DE GALICIA Y BUENOS AIRES S.A.U.;P68NK0VLXYKNR7O;49049;Cheques emitidos (3).csv;emitido
198;COLEGIO MEDICO REGIONAL ARROYITO;2026-01-31;;209293,2;Pagado;acreditado;BANCO DE GALICIA Y BUENOS AIRES S.A.U.;W612ERXQ0PGNGXY;49049;Cheques emitidos (3).csv;emitido
140;CAMARA DE ENTIDADES DE SALUD;2026-01-31;;7544144,76;Pagado;acreditado;BANCO DE GALICIA Y BUENOS AIRES S.A.U.;P68NK0VKW45NR7O;49049;Cheques emitidos (3).csv;emitido
168;ASOCIACION DE MEDICOS PATOLOGOS Y CITOPA;2026-01-31;;303722,0;Pagado;acreditado;BANCO DE GALICIA Y BUENOS AIRES S.A.U.;JXON13V678V2Z64;49049;Cheques emitidos (3).csv;emitido
188;CLINICA PRIVADA DEAN FUNES S.R.L.;2026-01-31;;219967,47;Pagado;acreditado;BANCO DE GALICIA Y BUENOS AIRES S.A.U.;P68NK03L6ZDNR7O;49049;Cheques emitidos (3).csv;emitido
183;CLINICA MEDITERRANEA SALUD SA;2026-01-31;;240495,74;Pagado;acreditado;BANCO DE GALICIA Y BUENOS AIRES S.A.U.;RPQ2G5EZDKJ2GLY;49049;Cheques emitidos (3).csv;emitido
184;CLINICA PRIVADA COAT SRL;2026-01-31;;493168,35;Pagado;acreditado;BANCO DE GALICIA Y BUENOS AIRES S.A.U.;6LEN8Z8JQD09M1Y;49049;Cheques emitidos (3).csv;emitido
241;REYLES SA;2026-01-31;;371157,16;Pagado;acreditado;BANCO DE GALICIA Y BUENOS AIRES S.A.U.;6ZO9WWPR8OK95GP;49049;Cheques emitidos (3).csv;emitido
245;SANATORIO JOAQUINA O DE GARCES S.A.;2026-01-31;;304977,12;Pagado;acreditado;BANCO DE GALICIA Y BUENOS AIRES S.A.U.;LMDN3EJ3MR5NE7R;49049;Cheques emitidos (3).csv;emitido
231;PARQUE SALUD S.A;2026-01-31;;141560,98;Pagado;acreditado;BANCO DE GALICIA Y BUENOS AIRES S.A.U.;G0QNDEGD58V9EXY;49049;Cheques emitidos (3).csv;emitido
370;PARQUE SALUD S.A;2026-01-31;;94200,0;Pagado;acreditado;BANCO DE GALICIA Y BUENOS AIRES S.A.U.;RPQ2G5JX5GY2GLY;49049;Cheques emitidos (3).csv;emitido
260;MARTINEZ, JAVIER JULIO;2026-01-31;;48864,42;Vencido;rechazado;BANCO DE GALICIA Y BUENOS AIRES S.A.U.;RPQ2G5EL3702GLY;49049;Cheques emitidos (3).csv;emitido
216;FUNDACION CENTRO PREVENCION Y;2026-01-31;;600000,0;Vencido;rechazado;BANCO DE GALICIA Y BUENOS AIRES S.A.U.;XJE27K8P3LJ97MY;49049;Cheques emitidos (3).csv;emitido
226;IMAGENES SRL PRIVADO;2026-01-31;;499796,1;Pagado;acreditado;BANCO DE GALICIA Y BUENOS AIRES S.A.U.;4MR2ZZKMVR82DEZ;49049;Cheques emitidos (3).csv;emitido
192;CLINICA PRIVADA JESUS MARIA DR. A.VIALE;2026-01-31;;817909,95;Pagado;acreditado;BANCO DE GALICIA Y BUENOS AIRES S.A.U.;LMDN3EJ6GZKNE7R;49049;Cheques emitidos (3).csv;emitido
247;SCM MEDICAS SA;2026-01-31;;582526,84;Pagado;acreditado;BANCO DE GALICIA Y BUENOS AIRES S.A.U.;W612ERXZLMGNGXY;49049;Cheques emitidos (3).csv;emitido
239;INSTITUTO PRIVADO DE NEONATOLOGIA Y PEDI;2026-01-31;;2686882,27;Pagado;acreditado;BANCO DE GALICIA Y BUENOS AIRES S.A.U.;XJE27K8XEPJ97MY;49049;Cheques emitidos (3).csv;emitido
163;POLICLINICO PRIVADO SAN LUCAS SA;2026-01-31;;3849090,68;Pagado;acreditado;BANCO DE GALICIA Y BUENOS AIRES S.A.U.;MKX9ROKG4PV9O6W;49049;Cheques emitidos (3).csv;emitido
218;FUNDACION FECUNDART;2026-01-31;;184684,5;Pagado;acreditado;BANCO DE GALICIA Y BUENOS AIRES S.A.U.;KYZ9Q7KX3Z82V50;49049;Cheques emitidos (3).csv;emitido
246;SANATORIO PARQUE S.A;2026-01-31;;151119,97;Pagado;acreditado;BANCO DE GALICIA Y BUENOS AIRES S.A.U.;MKX9ROKJR4O9O6W;49049;Cheques emitidos (3).csv;emitido
179;CENTRO PRIVADO DE R.M.I. RIO CUARTO S.A.;2026-01-31;;271188,36;Pagado;acreditado;BANCO DE GALICIA Y BUENOS AIRES S.A.U.;XJE27K80QLP97MY;49049;Cheques emitidos (3).csv;emitido
261;OMICRON SRL;2026-01-31;;1108893,33;Pagado;acreditado;BANCO DE GALICIA Y BUENOS AIRES S.A.U.;LMDN3EJ3MO5NE7R;49049;Cheques emitidos (3).csv;emitido
373;ASOC MUTUAL DR. ESTEBAN LAUREANO MARADON;2026-01-31;;10170,0;Pagado;acreditado;BANCO DE GALICIA Y BUENOS AIRES S.A.U.;XJE27KM6K4L97MY;49049;Cheques emitidos (3).csv;emitido
181;CIRCULO MEDICO REG RIO III;2026-01-31;;1477817,78;Pagado;acreditado;BANCO DE GALICIA Y BUENOS AIRES S.A.U.;GYKNX8EPRDW9MPR;49049;Cheques emitidos (3).csv;emitido
227;INSTITUTO ONCOHEMATOLOGICO PRIVADO S.R.L;2026-01-31;;443911,4;Pagado;acreditado;BANCO DE GALICIA Y BUENOS AIRES S.A.U.;ZEPN65XEV142Q0M;49049;Cheques emitidos (3).csv;emitido
186;CLINICA PRIVADA DE ESPECIALIDADES DE VIL;2026-01-31;;102807,61;Pagado;acreditado;BANCO DE GALICIA Y BUENOS AIRES S.A.U.;GOW9MLXMJ0MNEXD;49049;Cheques emitidos (3).csv;emitido
372;CENTRO UROLOGICO PROFESOR BENGIO SA;2026-01-31;;8500,0;Pagado;acreditado;BANCO DE GALICIA Y BUENOS AIRES S.A.U.;GOW9MLOGLRPNEXD;49049;Cheques emitidos (3).csv;emitido
180;CENTRO UROLOGICO PROFESOR BENGIO SA;2026-01-31;;104508,74;Pagado;acreditado;BANCO DE GALICIA Y BUENOS AIRES S.A.U.;JWV9JV7J0O89QMD;49049;Cheques emitidos (3).csv;emitido
152;INSTITUTO CONCI CARPINELLA SRL;2026-01-31;;8902107,74;Pagado;acreditado;BANCO DE GALICIA Y BUENOS AIRES S.A.U.;GOW9MLG0WEZNEXD;49049;Cheques emitidos (3).csv;emitido
371;L.A.C.E. SA;2026-01-31;;8800,0;Pagado;acreditado;BANCO DE GALICIA Y BUENOS AIRES S.A.U.;KYZ9Q7RG7682V50;49049;Cheques emitidos (3).csv;emitido
213;ESTIX SAS;2026-01-31;;400565,98;Pagado;acreditado;BANCO DE GALICIA Y BUENOS AIRES S.A.U.;MKX9ROKLEGO9O6W;49049;Cheques emitidos (3).csv;emitido
337;SALUD INTEGRAL S A;2026-01-31;;209722,0;Pagado;acreditado;BANCO DE GALICIA Y BUENOS AIRES S.A.U.;ZEPN65VGKLO2Q0M;49049;Cheques emitidos (3).csv;emitido
144;SANATORIO DEL SALVADOR PRIVADO SA;2026-01-31;;7997006,81;Pagado;acreditado;BANCO DE GALICIA Y BUENOS AIRES S.A.U.;6ZO9WWVK7X195GP;49049;Cheques emitidos (3).csv;emitido
270;POLICLINICO PRIVADO SAN LUCAS SA;2026-01-31;;597543,71;Pagado;acreditado;BANCO DE GALICIA Y BUENOS AIRES S.A.U.;RPQ2G54XDMG2GLY;49049;Cheques emitidos (3).csv;emitido
244;SAN FRANCISCO SALUD - CONSORCIO DE COOPE;2026-01-31;;3032551,27;Pagado;acreditado;BANCO DE GALICIA Y BUENOS AIRES S.A.U.;MKX9ROKJRLO9O6W;49049;Cheques emitidos (3).csv;emitido
242;ROENTGEN SA;2026-01-31;;901247,93;Pagado;acreditado;BANCO DE GALICIA Y BUENOS AIRES S.A.U.;KYZ9Q7KVWJ62V50;49049;Cheques emitidos (3).csv;emitido
159;CLINICA PRIVADA CARAFFA SRL;2026-01-31;;1241476,66;Pagado;acreditado;BANCO DE GALICIA Y BUENOS AIRES S.A.U.;XJE27K6MM1E97MY;49049;Cheques emitidos (3).csv;emitido
155;SERVICIOS MEDICOS SRL;2026-01-31;;14151024,26;Pagado;acreditado;BANCO DE GALICIA Y BUENOS AIRES S.A.U.;RPQ2G5XJJEL2GLY;49049;Cheques emitidos (3).csv;emitido
369;COLEGIO PROF DE KINESIOLOGIA Y FISIOTER;2026-01-31;;57500,0;Anulado;anulado;BANCO DE GALICIA Y BUENOS AIRES S.A.U.;W612ERVWRD5NGXY;49049;Cheques emitidos (3).csv;emitido
389;PROMET S.R.L.;2026-02-03;;4025624,21;Pagado;acreditado;BANCO DE GALICIA Y BUENOS AIRES S.A.U.;4OGNYKDDKDY90L6;49049;Cheques emitidos (3).csv;emitido
3500;SINEC SA;2026-02-05;;5000000,0;Pagado;acreditado;BANCO DE GALICIA Y BUENOS AIRES S.A.U.;6LEN83XREZ49M1Y;193838;Cheques emitidos (3).csv;emitido
3493;SINEC SA;2026-02-06;;5000000,0;Pagado;acreditado;BANCO DE GALICIA Y BUENOS AIRES S.A.U.;G7V95G8OLY49EMP;193838;Cheques emitidos (3).csv;emitido
388;ASOC MEDICA DEL DPTO SAN MARTI;2026-02-10;;6293606,02;Pagado;acreditado;BANCO DE GALICIA Y BUENOS AIRES S.A.U.;EZ8NPGPPG0RN4KV;49049;Cheques emitidos (3).csv;emitido
2;ROBERTO JUAN ESTEBAN D EPIRO;2026-02-10;;3500000,0;Pagado;acreditado;BANCO DE GALICIA Y BUENOS AIRES S.A.U.;4OGNYYL755VN0L6;49049;Cheques emitidos (3).csv;emitido
3498;SINEC SA;2026-02-10;;5000000,0;Vencido;rechazado;BANCO DE GALICIA Y BUENOS AIRES S.A.U.;W612EGQW4EQ9GXY;193838;Cheques emitidos (3).csv;emitido
3494;SINEC SA;2026-02-12;;5000000,0;Pagado;acreditado;BANCO DE GALICIA Y BUENOS AIRES S.A.U.;6ZO9WYWXZ33N5GP;193838;Cheques emitidos (3).csv;emitido
208;CLIMATIZACION POLAR SA;2026-02-15;;404504,05;Pagado;acreditado;BANCO DE GALICIA Y BUENOS AIRES S.A.U.;MKX9ROKLEZO9O6W;49049;Cheques emitidos (3).csv;emitido
3;ROBERTO JUAN ESTEBAN D EPIRO;2026-02-17;;3500000,0;Pagado;acreditado;BANCO DE GALICIA Y BUENOS AIRES S.A.U.;JXON1JP1YY19Z64;49049;Cheques emitidos (3).csv;emitido
3499;SINEC SA;2026-02-17;;4000000,0;Pagado;acreditado;BANCO DE GALICIA Y BUENOS AIRES S.A.U.;G7V95G571XW9EMP;193838;Cheques emitidos (3).csv;emitido
3501;SINEC SA;2026-02-17;;5000000,0;Pagado;acreditado;BANCO DE GALICIA Y BUENOS AIRES S.A.U.;JWV9JEK6YVM2QMD;193838;Cheques emitidos (3).csv;emitido
326;DORAR SA;2026-02-21;;998000,0;Pagado;acreditado;BANCO DE GALICIA Y BUENOS AIRES S.A.U.;6LEN8ZJOYE09M1Y;49049;Cheques emitidos (3).csv;emitido
138;CLINICA PRIVADA DEL SOL SA;2026-02-25;;9229644,36;Pagado;acreditado;BANCO DE GALICIA Y BUENOS AIRES S.A.U.;KYZ9Q7O57OR2V50;49049;Cheques emitidos (3).csv;emitido
278;SINEC SA;2026-02-26;;5000000,0;Pagado;acreditado;BANCO DE GALICIA Y BUENOS AIRES S.A.U.;RPQ2G5G1MDJ2GLY;49049;Cheques emitidos (3).csv;emitido
408;CIRC P REHABILIT S MARTIN;2026-02-27;;703513,4;Pagado;acreditado;BANCO DE GALICIA Y BUENOS AIRES S.A.U.;4MR2ZVWGX1G9DEZ;49049;Cheques emitidos (3).csv;emitido
395;SOP SRL;2026-02-27;;2112000,0;Pagado;acreditado;BANCO DE GALICIA Y BUENOS AIRES S.A.U.;6ZO9WKPO7R795GP;49049;Cheques emitidos (3).csv;emitido
240;INSTITUTO PRIVADO DE NEONATOLOGIA Y PEDI;2026-02-28;;2686882,26;Pagado;acreditado;BANCO DE GALICIA Y BUENOS AIRES S.A.U.;GOW9MLXKD4QNEXD;49049;Cheques emitidos (3).csv;emitido
194;CLINICA PRIVADA SAINT MICHEL S.R.L.;2026-02-28;;3677248,53;Pagado;acreditado;BANCO DE GALICIA Y BUENOS AIRES S.A.U.;G7V958653RL9EMP;49049;Cheques emitidos (3).csv;emitido
190;CLINICA PRIVADA INTEGRAL DE PSIQUIATRIA;2026-02-28;;4678715,42;Pagado;acreditado;BANCO DE GALICIA Y BUENOS AIRES S.A.U.;MKX9ROKQ1E19O6W;49049;Cheques emitidos (3).csv;emitido
160;CLINICA PRIVADA CARAFFA SRL;2026-02-28;;1241476,66;Pagado;acreditado;BANCO DE GALICIA Y BUENOS AIRES S.A.U.;O172VRPXXKR9KJ3;49049;Cheques emitidos (3).csv;emitido
290;JAZMIN BELEN DI BERT;2026-02-28;;62051,04;Pagado;acreditado;BANCO DE GALICIA Y BUENOS AIRES S.A.U.;6LEN8ZJRL749M1Y;49049;Cheques emitidos (3).csv;emitido
185;CLINICA PRIVADA COAT SRL;2026-02-28;;493168,35;Pagado;acreditado;BANCO DE GALICIA Y BUENOS AIRES S.A.U.;W612ERXK30LNGXY;49049;Cheques emitidos (3).csv;emitido
153;INSTITUTO CONCI CARPINELLA SRL;2026-02-28;;8902107,74;Pagado;acreditado;BANCO DE GALICIA Y BUENOS AIRES S.A.U.;RPQ2G5XK78G2GLY;49049;Cheques emitidos (3).csv;emitido
145;SANATORIO DEL SALVADOR PRIVADO SA;2026-02-28;;7997006,81;Pagado;acreditado;BANCO DE GALICIA Y BUENOS AIRES S.A.U.;G7V958DZXOD9EMP;49049;Cheques emitidos (3).csv;emitido
271;ASOC PRESTADORES DE HEMODIALISIS Y TRANS;2026-02-28;;10878556,8;Pagado;acreditado;BANCO DE GALICIA Y BUENOS AIRES S.A.U.;MKX9ROVRE649O6W;49049;Cheques emitidos (3).csv;emitido
352;CENTRO MEDICO PRIVADO SAN ANDRES SRL EN;2026-02-28;;416694,84;Pagado;acreditado;BANCO DE GALICIA Y BUENOS AIRES S.A.U.;ZEPN65V6JE42Q0M;49049;Cheques emitidos (3).csv;emitido
148;SOCIEDAD DE BENEFICENCIA HOSPITAL ITALIA;2026-02-28;;14329464,81;Pagado;acreditado;BANCO DE GALICIA Y BUENOS AIRES S.A.U.;EZ8NPGQOV3KN4KV;49049;Cheques emitidos (3).csv;emitido
220;GPAL BIOQUIMICA CLINICA SAS;2026-02-28;;2110940,36;Pagado;acreditado;BANCO DE GALICIA Y BUENOS AIRES S.A.U.;MKX9ROK4QVV9O6W;49049;Cheques emitidos (3).csv;emitido
219;FUNDACION FECUNDART;2026-02-28;;184684,5;Pagado;acreditado;BANCO DE GALICIA Y BUENOS AIRES S.A.U.;W612ERXMK45NGXY;49049;Cheques emitidos (3).csv;emitido
350;SCM MEDICAS SA;2026-02-28;;216100,0;Pagado;acreditado;BANCO DE GALICIA Y BUENOS AIRES S.A.U.;P68NK0LQZXRNR7O;49049;Cheques emitidos (3).csv;emitido
364;INSTITUTO ONCOHEMATOLOGICO PRIVADO S.R.L;2026-02-28;;461700,0;Pagado;acreditado;BANCO DE GALICIA Y BUENOS AIRES S.A.U.;XJE27K04LYL97MY;49049;Cheques emitidos (3).csv;emitido
156;SERVICIOS MEDICOS SRL;2026-02-28;;14151024,26;Pagado;acreditado;BANCO DE GALICIA Y BUENOS AIRES S.A.U.;Q619LJ377MX27JZ;49049;Cheques emitidos (3).csv;emitido
285;CLINICA MEDITERRANEA SALUD SA;2026-02-28;;127081,0;Pagado;acreditado;BANCO DE GALICIA Y BUENOS AIRES S.A.U.;ZEPN65VO0RP2Q0M;49049;Cheques emitidos (3).csv;emitido
223;IMAGENES MEDICAS SRL;2026-02-28;;570205,57;Pagado;acreditado;BANCO DE GALICIA Y BUENOS AIRES S.A.U.;EZ8NPGKPO4GN4KV;49049;Cheques emitidos (3).csv;emitido
217;FUNDACION CENTRO PREVENCION Y;2026-02-28;;600000,0;Vencido;rechazado;BANCO DE GALICIA Y BUENOS AIRES S.A.U.;V8794RLWXQE9PEY;49049;Cheques emitidos (3).csv;emitido
256;UNIVERSIDAD NACIONAL DE CORDOBA;2026-02-28;;537229,1;Vencido;rechazado;BANCO DE GALICIA Y BUENOS AIRES S.A.U.;GYKNX8E513O9MPR;49049;Cheques emitidos (3).csv;emitido
225;GRUPO OPTICO S.A.;2026-02-28;;224015,08;Vencido;rechazado;BANCO DE GALICIA Y BUENOS AIRES S.A.U.;Q619LJMRD1V27JZ;49049;Cheques emitidos (3).csv;emitido
293;UNIVERSIDAD NACIONAL DE CORDOBA;2026-02-28;;11801,46;Vencido;rechazado;BANCO DE GALICIA Y BUENOS AIRES S.A.U.;G0QNDE57X0D9EXY;49049;Cheques emitidos (3).csv;emitido
210;EL JUNCO SERVICIOS SOCIALES S.A.;2026-02-28;;362408,81;Pagado;acreditado;BANCO DE GALICIA Y BUENOS AIRES S.A.U.;6ZO9WWPO0DK95GP;49049;Cheques emitidos (3).csv;emitido
189;CLINICA PRIVADA DEAN FUNES S.R.L.;2026-02-28;;219967,48;Pagado;acreditado;BANCO DE GALICIA Y BUENOS AIRES S.A.U.;KYZ9Q7K34MV2V50;49049;Cheques emitidos (3).csv;emitido
264;SANATORIO CRUZ AZUL S.R.L.;2026-02-28;;627039,49;Pagado;acreditado;BANCO DE GALICIA Y BUENOS AIRES S.A.U.;G0QNDEG1PDV9EXY;49049;Cheques emitidos (3).csv;emitido
312;ROENTGEN SA;2026-02-28;;369194,35;Pagado;acreditado;BANCO DE GALICIA Y BUENOS AIRES S.A.U.;KYZ9Q731DOQ2V50;49049;Cheques emitidos (3).csv;emitido
329;ASOCIACION DE MEDICOS PATOLOGOS Y CITOPA;2026-02-28;;110250,0;Pagado;acreditado;BANCO DE GALICIA Y BUENOS AIRES S.A.U.;LMDN3E6L3MKNE7R;49049;Cheques emitidos (3).csv;emitido
169;ASOCIACION DE MEDICOS PATOLOGOS Y CITOPA;2026-02-28;;303722,0;Pagado;acreditado;BANCO DE GALICIA Y BUENOS AIRES S.A.U.;RZP90OZ6KDP2EGJ;49049;Cheques emitidos (3).csv;emitido
258;INSTITUTO PRIVADO DE RADIOTERAPIA;2026-02-28;;1514202,84;Pagado;acreditado;BANCO DE GALICIA Y BUENOS AIRES S.A.U.;6DVNOM1YOK495J8;49049;Cheques emitidos (3).csv;emitido
296;COLEGIO MEDICO REGIONAL ARROYITO;2026-02-28;;49060,95;Pagado;acreditado;BANCO DE GALICIA Y BUENOS AIRES S.A.U.;JWV9JVJ65LM9QMD;49049;Cheques emitidos (3).csv;emitido
387;CLINICA MEDITERRANEA SALUD SA;2026-02-28;;132240,0;Pagado;acreditado;BANCO DE GALICIA Y BUENOS AIRES S.A.U.;GOW9MLWWLY8NEXD;49049;Cheques emitidos (3).csv;emitido
316;DORAR SA;2026-02-28;;998000,0;Anulado;anulado;BANCO DE GALICIA Y BUENOS AIRES S.A.U.;O172VR5W3E09KJ3;49049;Cheques emitidos (3).csv;emitido
360;INDUSMED SAS;2026-02-28;;4616333,33;Pagado;acreditado;BANCO DE GALICIA Y BUENOS AIRES S.A.U.;RZP90O6WDR52EGJ;49049;Cheques emitidos (3).csv;emitido
214;ESTIX SAS;2026-02-28;;400565,98;Pagado;acreditado;BANCO DE GALICIA Y BUENOS AIRES S.A.U.;KYZ9Q7KJEM62V50;49049;Cheques emitidos (3).csv;emitido
299;POLICLINICO PRIVADO SAN LUCAS SA;2026-02-28;;1006300,11;Pagado;acreditado;BANCO DE GALICIA Y BUENOS AIRES S.A.U.;G0QNDE57XW09EXY;49049;Cheques emitidos (3).csv;emitido
385;COLEGIO MED REG DEL SUR DE CBA;2026-02-28;;2874052,45;Pagado;acreditado;BANCO DE GALICIA Y BUENOS AIRES S.A.U.;GYKNX83L71O9MPR;49049;Cheques emitidos (3).csv;emitido
322;ASOCIACION DE CLINICAS DEL NORTE PAMI;2026-02-28;;6209819,75;Pagado;acreditado;BANCO DE GALICIA Y BUENOS AIRES S.A.U.;V8794R6DEG09PEY;49049;Cheques emitidos (3).csv;emitido
328;UROLIT SA;2026-02-28;;46950,0;Pagado;acreditado;BANCO DE GALICIA Y BUENOS AIRES S.A.U.;EZ8NPGOZ6X1N4KV;49049;Cheques emitidos (3).csv;emitido
251;UNIDAD DIGESTIVA BAISTROCCHI S.R.L.;2026-02-28;;1635887,74;Pagado;acreditado;BANCO DE GALICIA Y BUENOS AIRES S.A.U.;ZEPN65XKLEQ2Q0M;49049;Cheques emitidos (3).csv;emitido
294;COLEGIO MED REG DEL SUR DE CBA;2026-02-28;;3285618,71;Pagado;acreditado;BANCO DE GALICIA Y BUENOS AIRES S.A.U.;GYKNX8PKZWX9MPR;49049;Cheques emitidos (3).csv;emitido
215;FEDERACION DE BIOQUIMICOS DE LA PCIA DE;2026-02-28;;2928128,5;Pagado;acreditado;BANCO DE GALICIA Y BUENOS AIRES S.A.U.;O172VRK7VJK9KJ3;49049;Cheques emitidos (3).csv;emitido
164;POLICLINICO PRIVADO SAN LUCAS SA;2026-02-28;;3849090,67;Pagado;acreditado;BANCO DE GALICIA Y BUENOS AIRES S.A.U.;W612ERXOMW5NGXY;49049;Cheques emitidos (3).csv;emitido
202;DE LA VILLA SERVICIOS ASISTENCIALES S.A;2026-02-28;;1170791,79;Pagado;acreditado;BANCO DE GALICIA Y BUENOS AIRES S.A.U.;4OGNYKWQLMR90L6;49049;Cheques emitidos (3).csv;emitido
175;BARIATRICA S.A.;2026-02-28;;1734094,93;Pagado;acreditado;BANCO DE GALICIA Y BUENOS AIRES S.A.U.;G7V9586ZJRW9EMP;49049;Cheques emitidos (3).csv;emitido
327;RESONANCIA MAGNETI;2026-02-28;;184271,4;Pagado;acreditado;BANCO DE GALICIA Y BUENOS AIRES S.A.U.;LMDN3E6LK36NE7R;49049;Cheques emitidos (3).csv;emitido
167;ASOCIACION DE CLINICAS DEL NORTE PAMI;2026-02-28;;8199448,13;Pagado;acreditado;BANCO DE GALICIA Y BUENOS AIRES S.A.U.;G0QNDEG50R49EXY;49049;Cheques emitidos (3).csv;emitido
253;UROLIT SA;2026-02-28;;545510,05;Pagado;acreditado;BANCO DE GALICIA Y BUENOS AIRES S.A.U.;O172VRKQ80K9KJ3;49049;Cheques emitidos (3).csv;emitido
141;CAMARA DE ENTIDADES DE SALUD;2026-02-28;;7544144,76;Pagado;acreditado;BANCO DE GALICIA Y BUENOS AIRES S.A.U.;G7V958D7P1M9EMP;49049;Cheques emitidos (3).csv;emitido
344;UNIDAD DIGESTIVA BAISTROCCHI S.R.L.;2026-02-28;;200689,7;Pagado;acreditado;BANCO DE GALICIA Y BUENOS AIRES S.A.U.;G7V958Z40X49EMP;49049;Cheques emitidos (3).csv;emitido
187;CLINICA PRIVADA DE LA CIUDAD SRL;2026-02-28;;1007768,27;Pagado;acreditado;BANCO DE GALICIA Y BUENOS AIRES S.A.U.;6DVNOM17GXM95J8;49049;Cheques emitidos (3).csv;emitido
199;COSEME SA;2026-02-28;;1674938,15;Pagado;acreditado;BANCO DE GALICIA Y BUENOS AIRES S.A.U.;6DVNOM1VEX495J8;49049;Cheques emitidos (3).csv;emitido
314;INSTITUTO PRIVADO DE NEONATOLOGIA Y PEDI;2026-02-28;;1561868,08;Pagado;acreditado;BANCO DE GALICIA Y BUENOS AIRES S.A.U.;RZP90O6Y7562EGJ;49049;Cheques emitidos (3).csv;emitido
193;CLINICA PRIVADA JESUS MARIA DR. A.VIALE;2026-02-28;;817909,95;Pagado;acreditado;BANCO DE GALICIA Y BUENOS AIRES S.A.U.;EZ8NPGKO1D1N4KV;49049;Cheques emitidos (3).csv;emitido
262;OMICRON SRL;2026-02-28;;1108893,33;Pagado;acreditado;BANCO DE GALICIA Y BUENOS AIRES S.A.U.;XJE27K8XERJ97MY;49049;Cheques emitidos (3).csv;emitido
320;CENTRO PRIVADO DE R.M.I. RIO CUARTO S.A.;2026-02-28;;117481,0;Pagado;acreditado;BANCO DE GALICIA Y BUENOS AIRES S.A.U.;6ZO9WWKG77795GP;49049;Cheques emitidos (3).csv;emitido
338;EL JUNCO SERVICIOS SOCIALES S.A.;2026-02-28;;473635,74;Pagado;acreditado;BANCO DE GALICIA Y BUENOS AIRES S.A.U.;JXON1360WMV2Z64;49049;Cheques emitidos (3).csv;emitido
173;CE MO SA;2026-02-28;;1783522,2;Pagado;acreditado;BANCO DE GALICIA Y BUENOS AIRES S.A.U.;G0QNDEG506E9EXY;49049;Cheques emitidos (3).csv;emitido
182;CIRCULO MEDICO REG RIO III;2026-02-28;;1477817,78;Pagado;acreditado;BANCO DE GALICIA Y BUENOS AIRES S.A.U.;4MR2ZZKV1GG2DEZ;49049;Cheques emitidos (3).csv;emitido
196;CLINICA PRIVADA SANTA MARIA S.A;2026-02-28;;1038758,0;Pagado;acreditado;BANCO DE GALICIA Y BUENOS AIRES S.A.U.;EZ8NPGK0R7PN4KV;49049;Cheques emitidos (3).csv;emitido
336;REYLES SA;2026-02-28;;88944,76;Pagado;acreditado;BANCO DE GALICIA Y BUENOS AIRES S.A.U.;6ZO9WWKG7R795GP;49049;Cheques emitidos (3).csv;emitido
205;ECCO SA;2026-02-28;;3396608,41;Pagado;acreditado;BANCO DE GALICIA Y BUENOS AIRES S.A.U.;6DVNOM1VEL495J8;49049;Cheques emitidos (3).csv;emitido
291;CLINICA PRIVADA JESUS MARIA DR. A.VIALE;2026-02-28;;836218,91;Pagado;acreditado;BANCO DE GALICIA Y BUENOS AIRES S.A.U.;LMDN3E6YQXXNE7R;49049;Cheques emitidos (3).csv;emitido
297;CIRCULO MEDICO REG RIO III;2026-02-28;;663366,69;Pagado;acreditado;BANCO DE GALICIA Y BUENOS AIRES S.A.U.;4MR2ZZVW0PY2DEZ;49049;Cheques emitidos (3).csv;emitido
267;CIPREM S.R.L.;2026-02-28;;14391446,64;Pagado;acreditado;BANCO DE GALICIA Y BUENOS AIRES S.A.U.;O172VRMQOQD9KJ3;49049;Cheques emitidos (3).csv;emitido
255;CENTRO PRIVADO TOMOGRAFIA COMPUTADA CORD;2026-02-28;;777371,22;Pagado;acreditado;BANCO DE GALICIA Y BUENOS AIRES S.A.U.;KYZ9Q7KVWX62V50;49049;Cheques emitidos (3).csv;emitido
248;SOLBO SAS;2026-02-28;;1387965,58;Pagado;acreditado;BANCO DE GALICIA Y BUENOS AIRES S.A.U.;Q619LJMWLRV27JZ;49049;Cheques emitidos (3).csv;emitido
313;CLINICA PRIVADA DE ESPECIALIDADES DE VIL;2026-02-28;;1562719,31;Pagado;acreditado;BANCO DE GALICIA Y BUENOS AIRES S.A.U.;XJE27K01JGE97MY;49049;Cheques emitidos (3).csv;emitido
170;AMPARAR S.R.L.;2026-02-28;;4142678,23;Pagado;acreditado;BANCO DE GALICIA Y BUENOS AIRES S.A.U.;RPQ2G5EZDYG2GLY;49049;Cheques emitidos (3).csv;emitido
478;COLEGIO MED REG DEL SUR DE CBA;2026-03-05;;337154,22;Pagado;acreditado;BANCO DE GALICIA Y BUENOS AIRES S.A.U.;O172V5J3YY02KJ3;49049;Cheques emitidos (3).csv;emitido
279;SINEC SA;2026-03-05;;5000000,0;Pagado;acreditado;BANCO DE GALICIA Y BUENOS AIRES S.A.U.;XJE27K45DQP97MY;49049;Cheques emitidos (3).csv;emitido
391;PAULA BEATRIZ ARROYO;2026-03-09;;977440,91;Pagado;acreditado;BANCO DE GALICIA Y BUENOS AIRES S.A.U.;O172V58MGVR2KJ3;49049;Cheques emitidos (3).csv;emitido
429;EL JUNCO SERVICIOS SOCIALES S.A.;2026-03-10;;291688,63;Pagado;acreditado;BANCO DE GALICIA Y BUENOS AIRES S.A.U.;6DVNO7RL5DKN5J8;49049;Cheques emitidos (3).csv;emitido
419;CLINICA PRIVADA REGIONAL;2026-03-10;;306142,89;Pagado;acreditado;BANCO DE GALICIA Y BUENOS AIRES S.A.U.;Q619LDPVQYZ27JZ;49049;Cheques emitidos (3).csv;emitido
477;ASOC MEDICA DEL DPTO SAN MARTI;2026-03-10;;25220149,53;Pagado;acreditado;BANCO DE GALICIA Y BUENOS AIRES S.A.U.;G7V95Z0VGGM2EMP;49049;Cheques emitidos (3).csv;emitido
404;CENTRO MEDICO PRIVADO SAN ANDRES SRL EN;2026-03-10;;318816,36;Pagado;acreditado;BANCO DE GALICIA Y BUENOS AIRES S.A.U.;4MR2ZVWGXW09DEZ;49049;Cheques emitidos (3).csv;emitido
452;SALUD INTEGRAL S A;2026-03-10;;602447,96;Pagado;acreditado;BANCO DE GALICIA Y BUENOS AIRES S.A.U.;EZ8NPO3D53K24KV;49049;Cheques emitidos (3).csv;emitido
418;CLINICA PRIVADA JESUS MARIA DR. A.VIALE;2026-03-10;;265661,85;Pagado;acreditado;BANCO DE GALICIA Y BUENOS AIRES S.A.U.;JXON16E8XDV2Z64;49049;Cheques emitidos (3).csv;emitido
413;CLINICA PRIVADA DE ESPECIALIDADES DE VIL;2026-03-10;;241918,62;Pagado;acreditado;BANCO DE GALICIA Y BUENOS AIRES S.A.U.;4MR2ZVWGXP09DEZ;49049;Cheques emitidos (3).csv;emitido
405;CENTRO MEDICO ROENTGEN SRL;2026-03-10;;153323,92;Pagado;acreditado;BANCO DE GALICIA Y BUENOS AIRES S.A.U.;XJE2701LWQO97MY;49049;Cheques emitidos (3).csv;emitido
4;ROBERTO JUAN ESTEBAN D EPIRO;2026-03-10;;3500000,0;Pagado;acreditado;BANCO DE GALICIA Y BUENOS AIRES S.A.U.;6LEN83KV0049M1Y;49049;Cheques emitidos (3).csv;emitido
437;IMAGENES SRL PRIVADO;2026-03-10;;169468,9;Pagado;acreditado;BANCO DE GALICIA Y BUENOS AIRES S.A.U.;JWV9JJ6OWLD9QMD;49049;Cheques emitidos (3).csv;emitido
424;COLEGIO PROF DE KINESIOLOGIA Y FISIOTER;2026-03-10;;156000,0;Pagado;acreditado;BANCO DE GALICIA Y BUENOS AIRES S.A.U.;JWV9JJ6OW689QMD;49049;Cheques emitidos (3).csv;emitido
280;SINEC SA;2026-03-11;;5000000,0;Pagado;acreditado;BANCO DE GALICIA Y BUENOS AIRES S.A.U.;KYZ9Q76LQ4V2V50;49049;Cheques emitidos (3).csv;emitido
209;CLIMATIZACION POLAR SA;2026-03-15;;404504,07;Pagado;acreditado;BANCO DE GALICIA Y BUENOS AIRES S.A.U.;EZ8NPGK0RDPN4KV;49049;Cheques emitidos (3).csv;emitido
5;ROBERTO JUAN ESTEBAN D EPIRO;2026-03-17;;3500000,0;Pagado;acreditado;BANCO DE GALICIA Y BUENOS AIRES S.A.U.;ZEPN6731ZZP9Q0M;49049;Cheques emitidos (3).csv;emitido
281;SINEC SA;2026-03-18;;5000000,0;Pagado;acreditado;BANCO DE GALICIA Y BUENOS AIRES S.A.U.;W612ERD16JLNGXY;49049;Cheques emitidos (3).csv;emitido
282;SINEC SA;2026-03-25;;5000000,0;Pagado;acreditado;BANCO DE GALICIA Y BUENOS AIRES S.A.U.;GOW9MLRZ1JMNEXD;49049;Cheques emitidos (3).csv;emitido
139;CLINICA PRIVADA DEL SOL SA;2026-03-25;;9229644,37;Pagado;acreditado;BANCO DE GALICIA Y BUENOS AIRES S.A.U.;LMDN3EXWEX6NE7R;49049;Cheques emitidos (3).csv;emitido
283;SINEC SA;2026-03-30;;5000000,0;Pagado;acreditado;BANCO DE GALICIA Y BUENOS AIRES S.A.U.;LMDN3E45VGKNE7R;49049;Cheques emitidos (3).csv;emitido
321;SANATORIO CRUZ AZUL S.R.L.;2026-03-31;;132540,91;Pagado;acreditado;BANCO DE GALICIA Y BUENOS AIRES S.A.U.;G7V958ZMXXW9EMP;49049;Cheques emitidos (3).csv;emitido
197;CLINICA PRIVADA SANTA MARIA S.A;2026-03-31;;1038758,01;Pagado;acreditado;BANCO DE GALICIA Y BUENOS AIRES S.A.U.;GYKNX8E3JMO9MPR;49049;Cheques emitidos (3).csv;emitido
206;ECCO SA;2026-03-31;;3396608,41;Pagado;acreditado;BANCO DE GALICIA Y BUENOS AIRES S.A.U.;P68NK03P7OPNR7O;49049;Cheques emitidos (3).csv;emitido
233;PROMET S.R.L.;2026-03-31;;4025624,21;Pagado;acreditado;BANCO DE GALICIA Y BUENOS AIRES S.A.U.;4OGNYKWDZ7Q90L6;49049;Cheques emitidos (3).csv;emitido
298;CIRCULO MEDICO REG RIO III;2026-03-31;;663366,68;Pagado;acreditado;BANCO DE GALICIA Y BUENOS AIRES S.A.U.;JXON136EOD12Z64;49049;Cheques emitidos (3).csv;emitido
301;ECCO SA;2026-03-31;;3321138,9;Pagado;acreditado;BANCO DE GALICIA Y BUENOS AIRES S.A.U.;RPQ2G5Z6PDL2GLY;49049;Cheques emitidos (3).csv;emitido
146;SANATORIO DEL SALVADOR PRIVADO SA;2026-03-31;;7997006,82;Pagado;acreditado;BANCO DE GALICIA Y BUENOS AIRES S.A.U.;MKX9ROXQ8319O6W;49049;Cheques emitidos (3).csv;emitido
365;CLINICA PRIVADA SANTA MARIA S.A;2026-03-31;;500107,44;Pagado;acreditado;BANCO DE GALICIA Y BUENOS AIRES S.A.U.;6ZO9WWK6L7395GP;49049;Cheques emitidos (3).csv;emitido
409;CIRCULO MEDICO REG RIO III;2026-03-31;;436424,45;Pagado;acreditado;BANCO DE GALICIA Y BUENOS AIRES S.A.U.;EZ8NPO3D5W124KV;49049;Cheques emitidos (3).csv;emitido
450;RESONANCIA MAGNETI;2026-03-31;;337704,35;Pagado;acreditado;BANCO DE GALICIA Y BUENOS AIRES S.A.U.;V87946OVYOQNPEY;49049;Cheques emitidos (3).csv;emitido
453;SAN FRANCISCO SALUD - CONSORCIO DE COOPE;2026-03-31;;8030599,04;Pagado;acreditado;BANCO DE GALICIA Y BUENOS AIRES S.A.U.;6LEN8JRD670NM1Y;49049;Cheques emitidos (3).csv;emitido
308;CLINICA PRIVADA DEL SOL SA;2026-03-31;;927696,47;Pagado;acreditado;BANCO DE GALICIA Y BUENOS AIRES S.A.U.;P68NK0LY5JZNR7O;49049;Cheques emitidos (3).csv;emitido
339;FUNDACION FECUNDART;2026-03-31;;458319,2;Pagado;acreditado;BANCO DE GALICIA Y BUENOS AIRES S.A.U.;GYKNX8P6DLP9MPR;49049;Cheques emitidos (3).csv;emitido
272;ASOC PRESTADORES DE HEMODIALISIS Y TRANS;2026-03-31;;10878556,8;Pagado;acreditado;BANCO DE GALICIA Y BUENOS AIRES S.A.U.;G7V9581K34W9EMP;49049;Cheques emitidos (3).csv;emitido
3508;CIPREM S.R.L.;2026-03-31;;8364319,8;Pagado;acreditado;BANCO DE GALICIA Y BUENOS AIRES S.A.U.;G7V958Z4GLR9EMP;49049;Cheques emitidos (3).csv;emitido
406;CENTRO PRIVADO TOMOGRAFIA COMPUTADA CORD;2026-03-31;;777371,22;Pagado;acreditado;BANCO DE GALICIA Y BUENOS AIRES S.A.U.;Q619LDPVQO827JZ;49049;Cheques emitidos (3).csv;emitido
447;MERCEDES LUISA DEL VALLE TABARES;2026-03-31;;250000,01;Pagado;acreditado;BANCO DE GALICIA Y BUENOS AIRES S.A.U.;W612EK7OYPW2GXY;49049;Cheques emitidos (3).csv;emitido
377;SANATORIO DEL SALVADOR PRIVADO SA;2026-03-31;;4287154,38;Pagado;acreditado;BANCO DE GALICIA Y BUENOS AIRES S.A.U.;LMDN3E0KMEKNE7R;49049;Cheques emitidos (3).csv;emitido
348;FUNDACION CENTRO PREVENCION Y;2026-03-31;;600000,0;Vencido;rechazado;BANCO DE GALICIA Y BUENOS AIRES S.A.U.;P68NK0LQZ8RNR7O;49049;Cheques emitidos (3).csv;emitido
382;SOCIEDAD DE BENEFICENCIA HOSPITAL ITALIA;2026-03-31;;166619,42;Pagado;acreditado;BANCO DE GALICIA Y BUENOS AIRES S.A.U.;MKX9ROW8RQ19O6W;49049;Cheques emitidos (3).csv;emitido
211;EL JUNCO SERVICIOS SOCIALES S.A.;2026-03-31;;362408,81;Pagado;acreditado;BANCO DE GALICIA Y BUENOS AIRES S.A.U.;4MR2ZZKEDG82DEZ;49049;Cheques emitidos (3).csv;emitido
446;PARQUE SALUD S.A;2026-03-31;;214101,4;Pagado;acreditado;BANCO DE GALICIA Y BUENOS AIRES S.A.U.;6LEN8JRD6RONM1Y;49049;Cheques emitidos (3).csv;emitido
306;CLINICA PRIVADA INTEGRAL DE PSIQUIATRIA;2026-03-31;;464087,73;Pagado;acreditado;BANCO DE GALICIA Y BUENOS AIRES S.A.U.;MKX9ROQ3M7K9O6W;49049;Cheques emitidos (3).csv;emitido
191;CLINICA PRIVADA INTEGRAL DE PSIQUIATRIA;2026-03-31;;4678715,42;Pagado;acreditado;BANCO DE GALICIA Y BUENOS AIRES S.A.U.;V8794RL6KV09PEY;49049;Cheques emitidos (3).csv;emitido
346;CE MO SA;2026-03-31;;326018,44;Pagado;acreditado;BANCO DE GALICIA Y BUENOS AIRES S.A.U.;6LEN8ZJ4DWY9M1Y;49049;Cheques emitidos (3).csv;emitido
174;CE MO SA;2026-03-31;;1783522,21;Pagado;acreditado;BANCO DE GALICIA Y BUENOS AIRES S.A.U.;GOW9MLXMJ3ZNEXD;49049;Cheques emitidos (3).csv;emitido
340;GRUPO OPTICO S.A.;2026-03-31;;213048,0;Pagado;acreditado;BANCO DE GALICIA Y BUENOS AIRES S.A.U.;W612ERKDOM5NGXY;49049;Cheques emitidos (3).csv;emitido
456;SCM MEDICAS SA;2026-03-31;;216335,8;Pagado;acreditado;BANCO DE GALICIA Y BUENOS AIRES S.A.U.;4MR2ZVWGXWY9DEZ;49049;Cheques emitidos (3).csv;emitido
342;GMRS S.A;2026-03-31;;795000,0;Pagado;acreditado;BANCO DE GALICIA Y BUENOS AIRES S.A.U.;KYZ9Q736M082V50;49049;Cheques emitidos (3).csv;emitido
263;OMICRON SRL;2026-03-31;;1108893,34;Pagado;acreditado;BANCO DE GALICIA Y BUENOS AIRES S.A.U.;JXON13VMKG72Z64;49049;Cheques emitidos (3).csv;emitido
361;INDUSMED SAS;2026-03-31;;4616333,33;Pagado;acreditado;BANCO DE GALICIA Y BUENOS AIRES S.A.U.;LMDN3E64ZKWNE7R;49049;Cheques emitidos (3).csv;emitido
349;CIDI SA;2026-03-31;;540586,84;Pagado;acreditado;BANCO DE GALICIA Y BUENOS AIRES S.A.U.;GOW9MLMR0YPNEXD;49049;Cheques emitidos (3).csv;emitido
195;CLINICA PRIVADA SAINT MICHEL S.R.L.;2026-03-31;;3677248,53;Pagado;acreditado;BANCO DE GALICIA Y BUENOS AIRES S.A.U.;KYZ9Q7KJEP62V50;49049;Cheques emitidos (3).csv;emitido
323;CLINICA PRIVADA COAT SRL;2026-03-31;;1182013,1;Pagado;acreditado;BANCO DE GALICIA Y BUENOS AIRES S.A.U.;JXON1360MKV2Z64;49049;Cheques emitidos (3).csv;emitido
392;SERVICIOS MEDICOS SRL;2026-03-31;;8885286,82;Pagado;acreditado;BANCO DE GALICIA Y BUENOS AIRES S.A.U.;W612EKWPOYO2GXY;49049;Cheques emitidos (3).csv;emitido
149;SOCIEDAD DE BENEFICENCIA HOSPITAL ITALIA;2026-03-31;;14329464,81;Pagado;acreditado;BANCO DE GALICIA Y BUENOS AIRES S.A.U.;LMDN3EV6KJKNE7R;49049;Cheques emitidos (3).csv;emitido
292;CLINICA PRIVADA JESUS MARIA DR. A.VIALE;2026-03-31;;836218,91;Pagado;acreditado;BANCO DE GALICIA Y BUENOS AIRES S.A.U.;XJE27K01JD697MY;49049;Cheques emitidos (3).csv;emitido
345;UNIDAD DIGESTIVA BAISTROCCHI S.R.L.;2026-03-31;;200689,7;Pagado;acreditado;BANCO DE GALICIA Y BUENOS AIRES S.A.U.;W612ERKDOE5NGXY;49049;Cheques emitidos (3).csv;emitido
324;IMAGENES MEDICAS SRL;2026-03-31;;284693,68;Pagado;acreditado;BANCO DE GALICIA Y BUENOS AIRES S.A.U.;EZ8NPGOZV61N4KV;49049;Cheques emitidos (3).csv;emitido
315;INSTITUTO PRIVADO DE NEONATOLOGIA Y PEDI;2026-03-31;;1561868,08;Pagado;acreditado;BANCO DE GALICIA Y BUENOS AIRES S.A.U.;4OGNYKZ8V1V90L6;49049;Cheques emitidos (3).csv;emitido
254;UROLIT SA;2026-03-31;;545510,05;Pagado;acreditado;BANCO DE GALICIA Y BUENOS AIRES S.A.U.;6LEN8Z8YEWP9M1Y;49049;Cheques emitidos (3).csv;emitido
252;UNIDAD DIGESTIVA BAISTROCCHI S.R.L.;2026-03-31;;1635887,74;Pagado;acreditado;BANCO DE GALICIA Y BUENOS AIRES S.A.U.;4MR2ZZK4LM82DEZ;49049;Cheques emitidos (3).csv;emitido
295;COLEGIO MED REG DEL SUR DE CBA;2026-03-31;;3285618,71;Anulado;anulado;BANCO DE GALICIA Y BUENOS AIRES S.A.U.;V8794R6OZ8D9PEY;49049;Cheques emitidos (3).csv;emitido
221;GPAL BIOQUIMICA CLINICA SAS;2026-03-31;;2110940,36;Pagado;acreditado;BANCO DE GALICIA Y BUENOS AIRES S.A.U.;G7V9586QZ149EMP;49049;Cheques emitidos (3).csv;emitido
481;INSTITUTO PRIVADO DE RADIOTERAPIA;2026-03-31;;3561070,67;Pagado;acreditado;BANCO DE GALICIA Y BUENOS AIRES S.A.U.;RZP906E08M69EGJ;49049;Cheques emitidos (3).csv;emitido
455;DORAR SA;2026-03-31;;997000,0;Pagado;acreditado;BANCO DE GALICIA Y BUENOS AIRES S.A.U.;GYKNXPKDXWW9MPR;49049;Cheques emitidos (3).csv;emitido
303;INSTITUTO PRIVADO DE RADIOTERAPIA;2026-03-31;;1400000,0;Pagado;acreditado;BANCO DE GALICIA Y BUENOS AIRES S.A.U.;6DVNOM7RJDG95J8;49049;Cheques emitidos (3).csv;emitido
259;INSTITUTO PRIVADO DE RADIOTERAPIA;2026-03-31;;1514202,84;Pagado;acreditado;BANCO DE GALICIA Y BUENOS AIRES S.A.U.;4OGNYKWPRDR90L6;49049;Cheques emitidos (3).csv;emitido
451;ROENTGEN SA;2026-03-31;;329288,1;Pagado;acreditado;BANCO DE GALICIA Y BUENOS AIRES S.A.U.;JXON16E8X7V2Z64;49049;Cheques emitidos (3).csv;emitido
380;INSTITUTO CONCI CARPINELLA SRL;2026-03-31;;5595228,59;Pagado;acreditado;BANCO DE GALICIA Y BUENOS AIRES S.A.U.;JWV9JVMPYV89QMD;49049;Cheques emitidos (3).csv;emitido
359;ESTIX SAS;2026-03-31;;166895,3;Pagado;acreditado;BANCO DE GALICIA Y BUENOS AIRES S.A.U.;4MR2ZZV6GQL2DEZ;49049;Cheques emitidos (3).csv;emitido
161;CLINICA PRIVADA CARAFFA SRL;2026-03-31;;1241476,66;Pagado;acreditado;BANCO DE GALICIA Y BUENOS AIRES S.A.U.;RZP90OGXXZ62EGJ;49049;Cheques emitidos (3).csv;emitido
374;SOCIEDAD DE BENEFICENCIA HOSPITAL ITALIA;2026-03-31;;8186741,84;Pagado;acreditado;BANCO DE GALICIA Y BUENOS AIRES S.A.U.;JWV9JVM8XR89QMD;49049;Cheques emitidos (3).csv;emitido
438;INSTITUTO PRIVADO DE NEONATOLOGIA Y PEDI;2026-03-31;;1979150,72;Pagado;acreditado;BANCO DE GALICIA Y BUENOS AIRES S.A.U.;RZP906YDP5P9EGJ;49049;Cheques emitidos (3).csv;emitido
224;IMAGENES MEDICAS SRL;2026-03-31;;570205,58;Pagado;acreditado;BANCO DE GALICIA Y BUENOS AIRES S.A.U.;GYKNX8ELPGP9MPR;49049;Cheques emitidos (3).csv;emitido
142;CAMARA DE ENTIDADES DE SALUD;2026-03-31;;7544144,76;Pagado;acreditado;BANCO DE GALICIA Y BUENOS AIRES S.A.U.;EZ8NPGQM544N4KV;49049;Cheques emitidos (3).csv;emitido
157;SERVICIOS MEDICOS SRL;2026-03-31;;14151024,26;Pagado;acreditado;BANCO DE GALICIA Y BUENOS AIRES S.A.U.;GOW9MLGOOXYNEXD;49049;Cheques emitidos (3).csv;emitido
154;INSTITUTO CONCI CARPINELLA SRL;2026-03-31;;8902107,74;Pagado;acreditado;BANCO DE GALICIA Y BUENOS AIRES S.A.U.;G0QNDEK6DV49EXY;49049;Cheques emitidos (3).csv;emitido
200;COSEME SA;2026-03-31;;1674938,15;Pagado;acreditado;BANCO DE GALICIA Y BUENOS AIRES S.A.U.;LMDN3EJR8Z5NE7R;49049;Cheques emitidos (3).csv;emitido
399;BARIATRICA S.A.;2026-03-31;;193429,72;Pagado;acreditado;BANCO DE GALICIA Y BUENOS AIRES S.A.U.;W612EK7OYLQ2GXY;49049;Cheques emitidos (3).csv;emitido
398;ASOCIACION DE CLINICAS DEL NORTE PAMI;2026-03-31;;5564347,99;Pagado;acreditado;BANCO DE GALICIA Y BUENOS AIRES S.A.U.;RPQ2GZ6KQDGNGLY;49049;Cheques emitidos (3).csv;emitido
249;SOLBO SAS;2026-03-31;;1387965,58;Pagado;acreditado;BANCO DE GALICIA Y BUENOS AIRES S.A.U.;JWV9JV73YQR9QMD;49049;Cheques emitidos (3).csv;emitido
265;SANATORIO CRUZ AZUL S.R.L.;2026-03-31;;627039,5;Pagado;acreditado;BANCO DE GALICIA Y BUENOS AIRES S.A.U.;GOW9MLXKDWQNEXD;49049;Cheques emitidos (3).csv;emitido
363;FEDERACION DE BIOQUIMICOS DE LA PCIA DE;2026-03-31;;2112958,5;Pagado;acreditado;BANCO DE GALICIA Y BUENOS AIRES S.A.U.;O172VR56JG19KJ3;49049;Cheques emitidos (3).csv;emitido
268;CIPREM S.R.L.;2026-03-31;;12074317,71;Pagado;acreditado;BANCO DE GALICIA Y BUENOS AIRES S.A.U.;Q619LJGW1W827JZ;49049;Cheques emitidos (3).csv;emitido
353;CAMARA DE ENTIDADES DE SALUD;2026-03-31;;1293468,95;Pagado;acreditado;BANCO DE GALICIA Y BUENOS AIRES S.A.U.;6DVNOM76LZE95J8;49049;Cheques emitidos (3).csv;emitido
459;UNIDAD DIGESTIVA BAISTROCCHI S.R.L.;2026-03-31;;608957,7;Pagado;acreditado;BANCO DE GALICIA Y BUENOS AIRES S.A.U.;JWV9JJ6OWL89QMD;49049;Cheques emitidos (3).csv;emitido
310;DE LA VILLA SERVICIOS ASISTENCIALES S.A;2026-03-31;;731830,71;Pagado;acreditado;BANCO DE GALICIA Y BUENOS AIRES S.A.U.;6DVNOM7RJW195J8;49049;Cheques emitidos (3).csv;emitido
203;DE LA VILLA SERVICIOS ASISTENCIALES S.A;2026-03-31;;1170791,8;Pagado;acreditado;BANCO DE GALICIA Y BUENOS AIRES S.A.U.;ZEPN65X83JQ2Q0M;49049;Cheques emitidos (3).csv;emitido
176;BARIATRICA S.A.;2026-03-31;;1734094,93;Pagado;acreditado;BANCO DE GALICIA Y BUENOS AIRES S.A.U.;KYZ9Q7K34PR2V50;49049;Cheques emitidos (3).csv;emitido
319;CLINICA PRIVADA DE LA CIUDAD SRL;2026-03-31;;317158,29;Pagado;acreditado;BANCO DE GALICIA Y BUENOS AIRES S.A.U.;O172VR5MGQV9KJ3;49049;Cheques emitidos (3).csv;emitido
171;AMPARAR S.R.L.;2026-03-31;;4142678,23;Pagado;acreditado;BANCO DE GALICIA Y BUENOS AIRES S.A.U.;6DVNOM17GLK95J8;49049;Cheques emitidos (3).csv;emitido
483;ERREPAR SA;2026-04-01;;80781,04;Pagado;acreditado;BANCO DE GALICIA Y BUENOS AIRES S.A.U.;GYKNXP7L1QX9MPR;49049;Cheques emitidos (3).csv;emitido
480;PAULA BEATRIZ ARROYO;2026-04-03;;977440,91;Pagado;acreditado;BANCO DE GALICIA Y BUENOS AIRES S.A.U.;GYKNXPJW6OX9MPR;49049;Cheques emitidos (3).csv;emitido
284;SINEC SA;2026-04-03;;5000000,0;Pagado;acreditado;BANCO DE GALICIA Y BUENOS AIRES S.A.U.;6DVNOM60WGK95J8;49049;Cheques emitidos (3).csv;emitido
507;COLEGIO MED REG DEL SUR DE CBA;2026-04-05;;910557,85;Pagado;acreditado;BANCO DE GALICIA Y BUENOS AIRES S.A.U.;KYZ9Q3YZYER9V50;49049;Cheques emitidos (3).csv;emitido
479;TORRE FUERTE SRL;2026-04-06;;747984,13;Pagado;acreditado;BANCO DE GALICIA Y BUENOS AIRES S.A.U.;JXON168345G2Z64;49049;Cheques emitidos (3).csv;emitido
553;CIRC P REHABILIT S MARTIN;2026-04-08;;620000,0;Pagado;acreditado;BANCO DE GALICIA Y BUENOS AIRES S.A.U.;V87946WV36JNPEY;49049;Cheques emitidos (3).csv;emitido
512;EL JUNCO SERVICIOS SOCIALES S.A.;2026-04-10;;443220,0;Pagado;acreditado;BANCO DE GALICIA Y BUENOS AIRES S.A.U.;GOW9MM565EZ9EXD;49049;Cheques emitidos (3).csv;emitido
482;GEPREMED S.A.;2026-04-10;;1565130,0;Pagado;acreditado;BANCO DE GALICIA Y BUENOS AIRES S.A.U.;ZEPN6VWGVJO2Q0M;49049;Cheques emitidos (3).csv;emitido
534;SALUD INTEGRAL S A;2026-04-10;;182077,94;Pagado;acreditado;BANCO DE GALICIA Y BUENOS AIRES S.A.U.;4MR2ZVYORR09DEZ;49049;Cheques emitidos (3).csv;emitido
554;ASOC MEDICA DEL DPTO SAN MARTI;2026-04-10;;21399424,78;Pagado;acreditado;BANCO DE GALICIA Y BUENOS AIRES S.A.U.;EZ8NPO0DPOG24KV;49049;Cheques emitidos (3).csv;emitido
00000531;POLICLINICO PRIVADO SAN LUCAS SA;2026-04-10;;1448278,77;Pagado;acreditado;BANCO DE GALICIA Y BUENOS AIRES S.A.U.;V87946M155QNPEY;00000049049;Cheques emitidos (9).csv;emitido
551;SOP SRL;2026-04-20;;6588402,0;Pagado;acreditado;BANCO DE GALICIA Y BUENOS AIRES S.A.U.;ZEPN6VDZL3W2Q0M;49049;Cheques emitidos (3).csv;emitido
00000555;SERVICIOS MEDICOS SRL;2026-04-30;;5635191,95;Pagado;acreditado;BANCO DE GALICIA Y BUENOS AIRES S.A.U.;MKX9RQLG4QVNO6W;00000049049;Cheques emitidos (9).csv;emitido
00000317;ASOCIACION PRESTADORES DE HEMODIALISIS Y;2026-04-30;;6821762,0;Pagado;acreditado;BANCO DE GALICIA Y BUENOS AIRES S.A.U.;MKX9ROQ08849O6W;00000049049;Cheques emitidos (9).csv;emitido
00000466;ASOCIACION PRESTADORES DE HEMODIALISIS Y;2026-04-30;;11573226,0;Pagado;acreditado;BANCO DE GALICIA Y BUENOS AIRES S.A.U.;KYZ9Q3MQ4MQ9V50;00000049049;Cheques emitidos (9).csv;emitido
00000494;ASOCIACION PRESTADORES DE HEMODIALISIS Y;2026-04-30;;13476567,0;Pagado;acreditado;BANCO DE GALICIA Y BUENOS AIRES S.A.U.;GYKNXPYGYXW9MPR;00000049049;Cheques emitidos (9).csv;emitido
00000222;GPAL BIOQUIMICA CLINICA SAS;2026-04-30;;2110940,35;Pagado;acreditado;BANCO DE GALICIA Y BUENOS AIRES S.A.U.;6ZO9WWPJKM395GP;00000049049;Cheques emitidos (9).csv;emitido
00000367;CIPREM S.R.L.;2026-04-30;;8364319,8;Pagado;acreditado;BANCO DE GALICIA Y BUENOS AIRES S.A.U.;EZ8NPGO8YERN4KV;00000049049;Cheques emitidos (9).csv;emitido
00000355;GPAL BIOQUIMICA CLINICA SAS;2026-04-30;;547756,45;Pagado;acreditado;BANCO DE GALICIA Y BUENOS AIRES S.A.U.;4OGNYKZ6MDQ90L6;00000049049;Cheques emitidos (9).csv;emitido
00000393;SERVICIOS MEDICOS SRL;2026-04-30;;8885286,82;Pagado;acreditado;BANCO DE GALICIA Y BUENOS AIRES S.A.U.;KYZ9Q3GPM5P9V50;00000049049;Cheques emitidos (9).csv;emitido
00000286;PABLO GABRIEL MIGLIERINI;2026-04-30;;9465625,0;Pagado;acreditado;BANCO DE GALICIA Y BUENOS AIRES S.A.U.;6LEN8ZJRLQ49M1Y;00000049049;Cheques emitidos (9).csv;emitido
00000433;FUNDACION FECUNDART;2026-04-30;;235794,6;Pagado;acreditado;BANCO DE GALICIA Y BUENOS AIRES S.A.U.;RPQ2GZ6KQVJNGLY;00000049049;Cheques emitidos (9).csv;emitido
00000420;CLINICA PRIVADA SANTA MARIA S.A;2026-04-30;;404513,95;Pagado;acreditado;BANCO DE GALICIA Y BUENOS AIRES S.A.U.;G0QND576O04NEXY;00000049049;Cheques emitidos (9).csv;emitido
00000430;ESTIX SAS;2026-04-30;;828884,11;Pagado;acreditado;BANCO DE GALICIA Y BUENOS AIRES S.A.U.;4OGNYZ8MXJ490L6;00000049049;Cheques emitidos (9).csv;emitido
00000273;ASOC PRESTADORES DE HEMODIALISIS Y TRANS;2026-04-30;;10878556,83;Pagado;acreditado;BANCO DE GALICIA Y BUENOS AIRES S.A.U.;EZ8NPG4XRY1N4KV;00000049049;Cheques emitidos (9).csv;emitido
00000366;CLINICA PRIVADA SANTA MARIA S.A;2026-04-30;;500107,44;Pagado;acreditado;BANCO DE GALICIA Y BUENOS AIRES S.A.U.;EZ8NPGO8DVGN4KV;00000049049;Cheques emitidos (9).csv;emitido
00000532;RESONANCIA MAGNETI;2026-04-30;;614529,46;Pagado;acreditado;BANCO DE GALICIA Y BUENOS AIRES S.A.U.;6LEN8J3V55ONM1Y;00000049049;Cheques emitidos (9).csv;emitido
00000489;CLINICA PRIVADA DEL SOL SA;2026-04-30;;8037175,54;Pagado;acreditado;BANCO DE GALICIA Y BUENOS AIRES S.A.U.;GYKNXP6QKVO9MPR;00000049049;Cheques emitidos (9).csv;emitido
00000468;CIPREM S.R.L.;2026-04-30;;3228271,19;Pagado;acreditado;BANCO DE GALICIA Y BUENOS AIRES S.A.U.;6ZO9WKLVELX95GP;00000049049;Cheques emitidos (9).csv;emitido
00000462;INDUSMED SAS;2026-04-30;;900000,0;Pagado;acreditado;BANCO DE GALICIA Y BUENOS AIRES S.A.U.;4MR2ZVWGXPG9DEZ;00000049049;Cheques emitidos (9).csv;emitido
00000454;SANATORIO MORRA SA;2026-04-30;;4103665,54;Pagado;acreditado;BANCO DE GALICIA Y BUENOS AIRES S.A.U.;O172V5WJ4WR2KJ3;00000049049;Cheques emitidos (9).csv;emitido
00000427;ECCO SA;2026-04-30;;3477713,1;Pagado;acreditado;BANCO DE GALICIA Y BUENOS AIRES S.A.U.;EZ8NPO3D51124KV;00000049049;Cheques emitidos (9).csv;emitido
00000362;INDUSMED SAS;2026-04-30;;4616333,34;Pagado;acreditado;BANCO DE GALICIA Y BUENOS AIRES S.A.U.;JXON13648GG2Z64;00000049049;Cheques emitidos (9).csv;emitido
00000506;CLINICA PRIVADA JESUS MARIA DR. A.VIALE;2026-04-30;;360759,18;Pagado;acreditado;BANCO DE GALICIA Y BUENOS AIRES S.A.U.;G0QND5M4MO4NEXY;00000049049;Cheques emitidos (9).csv;emitido
00000302;ECCO SA;2026-04-30;;3321138,9;Pagado;acreditado;BANCO DE GALICIA Y BUENOS AIRES S.A.U.;Q619LJDPZYX27JZ;00000049049;Cheques emitidos (9).csv;emitido
00000625;SANATORIO PRIVADO GATTI S.R.L;2026-04-30;;377356,66;Pagado;acreditado;BANCO DE GALICIA Y BUENOS AIRES S.A.U.;RPQ2GJX6WJL2GLY;00000049049;Cheques emitidos (9).csv;emitido
00000620;CLINICA PRIVADA CARAFFA SRL;2026-04-30;;366051,84;Pagado;acreditado;BANCO DE GALICIA Y BUENOS AIRES S.A.U.;RZP90XGYRX62EGJ;00000049049;Cheques emitidos (9).csv;emitido
00000535;SAN FRANCISCO SALUD - CONSORCIO DE COOPE;2026-04-30;;4656155,82;Pagado;acreditado;BANCO DE GALICIA Y BUENOS AIRES S.A.U.;6DVNO78404KN5J8;00000049049;Cheques emitidos (9).csv;emitido
00000484;ERREPAR SA;2026-04-30;;80781,04;Pagado;acreditado;BANCO DE GALICIA Y BUENOS AIRES S.A.U.;G0QND5YDP8DNEXY;00000049049;Cheques emitidos (9).csv;emitido
00000441;INSTITUTO PRIVADO DE RADIOTERAPIA;2026-04-30;;1780535,33;Pagado;acreditado;BANCO DE GALICIA Y BUENOS AIRES S.A.U.;6DVNO7RL5GMN5J8;00000049049;Cheques emitidos (9).csv;emitido
00000499;CIDI SA;2026-04-30;;1128918,53;Pagado;acreditado;BANCO DE GALICIA Y BUENOS AIRES S.A.U.;P68NKLR4RWD9R7O;00000049049;Cheques emitidos (9).csv;emitido
00000527;OMED MEDICINA PRIVADA SRL;2026-04-30;;270031,96;Vencido;rechazado;BANCO DE GALICIA Y BUENOS AIRES S.A.U.;RPQ2GZO411JNGLY;00000049049;Cheques emitidos (9).csv;emitido
00000432;FUNDACION CENTRO PREVENCION Y;2026-04-30;;600000,0;Vencido;rechazado;BANCO DE GALICIA Y BUENOS AIRES S.A.U.;RZP906YDP549EGJ;00000049049;Cheques emitidos (9).csv;emitido
00000383;SOCIEDAD DE BENEFICENCIA HOSPITAL ITALIA;2026-04-30;;166619,43;Pagado;acreditado;BANCO DE GALICIA Y BUENOS AIRES S.A.U.;XJE27KMYEKP97MY;00000049049;Cheques emitidos (9).csv;emitido
00000343;GMRS S.A;2026-04-30;;795000,0;Pagado;acreditado;BANCO DE GALICIA Y BUENOS AIRES S.A.U.;V8794R64V3J9PEY;00000049049;Cheques emitidos (9).csv;emitido
00000472;SOCIEDAD DE BENEFICENCIA HOSPITAL ITALIA;2026-04-30;;3169089,83;Pagado;acreditado;BANCO DE GALICIA Y BUENOS AIRES S.A.U.;MKX9RQGX1GKNO6W;00000049049;Cheques emitidos (9).csv;emitido
00000162;CLINICA PRIVADA CARAFFA SRL;2026-04-30;;1241476,67;Pagado;acreditado;BANCO DE GALICIA Y BUENOS AIRES S.A.U.;6DVNOMPQQRG95J8;00000049049;Cheques emitidos (9).csv;emitido
00000502;CLINICA PRIVADA COAT SRL;2026-04-30;;180700,0;Pagado;acreditado;BANCO DE GALICIA Y BUENOS AIRES S.A.U.;RPQ2GZO4OQGNGLY;00000049049;Cheques emitidos (9).csv;emitido
00000412;CLINICA PRIVADA COAT SRL;2026-04-30;;262233,04;Pagado;acreditado;BANCO DE GALICIA Y BUENOS AIRES S.A.U.;W612EK7OY6L2GXY;00000049049;Cheques emitidos (9).csv;emitido
00000436;GRUPO OPTICO S.A.;2026-04-30;;467503,92;Pagado;acreditado;BANCO DE GALICIA Y BUENOS AIRES S.A.U.;ZEPN6VOJWQO2Q0M;00000049049;Cheques emitidos (9).csv;emitido
00000461;UNIVERSIDAD NACIONAL DE CORDOBA;2026-04-30;;414753,0;Pagado;acreditado;BANCO DE GALICIA Y BUENOS AIRES S.A.U.;KYZ9Q31M54R9V50;00000049049;Cheques emitidos (9).csv;emitido
00000552;DORAR SA;2026-04-30;;2180000,0;Pagado;acreditado;BANCO DE GALICIA Y BUENOS AIRES S.A.U.;4OGNYZ05RLM90L6;00000049049;Cheques emitidos (9).csv;emitido
00000513;ESTIX SAS;2026-04-30;;478647,56;Pagado;acreditado;BANCO DE GALICIA Y BUENOS AIRES S.A.U.;JWV9JJE4EWD9QMD;00000049049;Cheques emitidos (9).csv;emitido
00000504;CLINICA PRIVADA INTEGRAL DE PSIQUIATRIA;2026-04-30;;378314,21;Pagado;acreditado;BANCO DE GALICIA Y BUENOS AIRES S.A.U.;LMDN36D1D86NE7R;00000049049;Cheques emitidos (9).csv;emitido
00000416;CLINICA PRIVADA INTEGRAL DE PSIQUIATRIA;2026-04-30;;378314,21;Pagado;acreditado;BANCO DE GALICIA Y BUENOS AIRES S.A.U.;GOW9MMP0Q8M9EXD;00000049049;Cheques emitidos (9).csv;emitido
00000307;CLINICA PRIVADA INTEGRAL DE PSIQUIATRIA;2026-04-30;;464087,73;Pagado;acreditado;BANCO DE GALICIA Y BUENOS AIRES S.A.U.;4MR2ZZVW0PE2DEZ;00000049049;Cheques emitidos (9).csv;emitido
00000530;PARQUE SALUD S.A;2026-04-30;;100200,0;Pagado;acreditado;BANCO DE GALICIA Y BUENOS AIRES S.A.U.;ZEPN6V71PPW2Q0M;00000049049;Cheques emitidos (9).csv;emitido
00000431;FEDERACION DE BIOQUIMICOS DE LA PCIA DE;2026-04-30;;1356730,05;Pagado;acreditado;BANCO DE GALICIA Y BUENOS AIRES S.A.U.;4OGNYZ8MX8M90L6;00000049049;Cheques emitidos (9).csv;emitido
00000304;INSTITUTO PRIVADO DE RADIOTERAPIA;2026-04-30;;1400000,0;Pagado;acreditado;BANCO DE GALICIA Y BUENOS AIRES S.A.U.;GOW9MLMPVJYNEXD;00000049049;Cheques emitidos (9).csv;emitido
00000425;DE LA VILLA SERVICIOS ASISTENCIALES S.A;2026-04-30;;1085332,02;Pagado;acreditado;BANCO DE GALICIA Y BUENOS AIRES S.A.U.;MKX9RQ3G5X1NO6W;00000049049;Cheques emitidos (9).csv;emitido
00000269;CIPREM S.R.L.;2026-04-30;;10963537,46;Rechazado con acuerdo;rechazado;BANCO DE GALICIA Y BUENOS AIRES S.A.U.;4MR2ZZ34R402DEZ;00000049049;Cheques emitidos (9).csv;emitido
00000150;SOCIEDAD DE BENEFICENCIA HOSPITAL ITALIA;2026-04-30;;21693605,78;Rechazado con acuerdo;rechazado;BANCO DE GALICIA Y BUENOS AIRES S.A.U.;W612ER6KE7LNGXY;00000049049;Cheques emitidos (9).csv;emitido
00000539;SCM MEDICAS SA;2026-04-30;;292844,4;Pagado;acreditado;BANCO DE GALICIA Y BUENOS AIRES S.A.U.;6ZO9WKYM33195GP;00000049049;Cheques emitidos (9).csv;emitido
00000311;DE LA VILLA SERVICIOS ASISTENCIALES S.A;2026-04-30;;731830,71;Pagado;acreditado;BANCO DE GALICIA Y BUENOS AIRES S.A.U.;O172VR5W3ER9KJ3;00000049049;Cheques emitidos (9).csv;emitido
00000378;SANATORIO DEL SALVADOR PRIVADO SA;2026-04-30;;4287154,38;Pagado;acreditado;BANCO DE GALICIA Y BUENOS AIRES S.A.U.;GOW9MLOYDLMNEXD;00000049049;Cheques emitidos (9).csv;emitido
00000402;CE MO SA;2026-04-30;;937002,13;Pagado;acreditado;BANCO DE GALICIA Y BUENOS AIRES S.A.U.;KYZ9Q31M5WR9V50;00000049049;Cheques emitidos (9).csv;emitido
00000347;CE MO SA;2026-04-30;;326018,44;Pagado;acreditado;BANCO DE GALICIA Y BUENOS AIRES S.A.U.;MKX9ROQ6G4V9O6W;00000049049;Cheques emitidos (9).csv;emitido
00000533;ROENTGEN SA;2026-04-30;;479354,2;Pagado;acreditado;BANCO DE GALICIA Y BUENOS AIRES S.A.U.;GYKNXPYGQQK9MPR;00000049049;Cheques emitidos (9).csv;emitido
00000407;CIDI SA;2026-04-30;;748331,4;Pagado;acreditado;BANCO DE GALICIA Y BUENOS AIRES S.A.U.;G7V95ZO0PKW2EMP;00000049049;Cheques emitidos (9).csv;emitido
00000309;CLINICA PRIVADA DEL SOL SA;2026-04-30;;927696,47;Pagado;acreditado;BANCO DE GALICIA Y BUENOS AIRES S.A.U.;EZ8NPGO3LWRN4KV;00000049049;Cheques emitidos (9).csv;emitido
250;SOLBO SAS;2026-04-30;;1387965,59;Pagado;acreditado;BANCO DE GALICIA Y BUENOS AIRES S.A.U.;RZP90OZLJMY2EGJ;49049;Cheques emitidos (3).csv;emitido
00000332;AMPARAR S.R.L.;2026-04-30;;884891,19;Pagado;acreditado;BANCO DE GALICIA Y BUENOS AIRES S.A.U.;6DVNOM73ZYM95J8;00000049049;Cheques emitidos (9).csv;emitido
440;IMAGENES MEDICAS SRL;2026-04-30;;197509,82;Pagado;acreditado;BANCO DE GALICIA Y BUENOS AIRES S.A.U.;6DVNO7RL5WKN5J8;49049;Cheques emitidos (3).csv;emitido
460;UNIDAD DIGESTIVA BAISTROCCHI S.R.L.;2026-04-30;;608957,7;Pagado;acreditado;BANCO DE GALICIA Y BUENOS AIRES S.A.U.;4OGNYZ8MX1490L6;49049;Cheques emitidos (3).csv;emitido
439;INSTITUTO PRIVADO DE NEONATOLOGIA Y PEDI;2026-04-30;;1979150,73;Pagado;acreditado;BANCO DE GALICIA Y BUENOS AIRES S.A.U.;ZEPN6VOJWRO2Q0M;49049;Cheques emitidos (3).csv;emitido
523;INSTITUTO PRIVADO DE NEONATOLOGIA Y PEDI;2026-04-30;;4903920,06;Pagado;acreditado;BANCO DE GALICIA Y BUENOS AIRES S.A.U.;O172V5YDOOD2KJ3;49049;Cheques emitidos (3).csv;emitido
381;INSTITUTO CONCI CARPINELLA SRL;2026-04-30;;5595228,6;Pagado;acreditado;BANCO DE GALICIA Y BUENOS AIRES S.A.U.;RZP90OXRJO42EGJ;49049;Cheques emitidos (3).csv;emitido
375;SOCIEDAD DE BENEFICENCIA HOSPITAL ITALIA;2026-04-30;;8186741,84;Pagado;acreditado;BANCO DE GALICIA Y BUENOS AIRES S.A.U.;4MR2ZZJ685Y2DEZ;49049;Cheques emitidos (3).csv;emitido
325;IMAGENES MEDICAS SRL;2026-04-30;;284693,69;Pagado;acreditado;BANCO DE GALICIA Y BUENOS AIRES S.A.U.;6LEN8ZJO1Y09M1Y;49049;Cheques emitidos (3).csv;emitido
300;CLINICA PRIVADA CARAFFA SRL;2026-04-30;;2118245,41;Pagado;acreditado;BANCO DE GALICIA Y BUENOS AIRES S.A.U.;GOW9MLMPV18NEXD;49049;Cheques emitidos (3).csv;emitido
415;CLINICA PRIVADA DEL SOL SA;2026-04-30;;799363,71;Pagado;acreditado;BANCO DE GALICIA Y BUENOS AIRES S.A.U.;W612EK7OYWL2GXY;49049;Cheques emitidos (3).csv;emitido
470;INSTITUTO CONCI CARPINELLA SRL;2026-04-30;;4716035,43;Pagado;acreditado;BANCO DE GALICIA Y BUENOS AIRES S.A.U.;6DVNO7LWGLGN5J8;49049;Cheques emitidos (3).csv;emitido
234;PROMET S.R.L.;2026-04-30;;4025624,21;Pagado;acreditado;BANCO DE GALICIA Y BUENOS AIRES S.A.U.;V8794RL361J9PEY;49049;Cheques emitidos (3).csv;emitido
158;SERVICIOS MEDICOS SRL;2026-04-30;;14151024,28;Pagado;acreditado;BANCO DE GALICIA Y BUENOS AIRES S.A.U.;G0QNDEKZZGD9EXY;49049;Cheques emitidos (3).csv;emitido
00000357;SOLBO SAS;2026-04-30;;401308,81;Pagado;acreditado;BANCO DE GALICIA Y BUENOS AIRES S.A.U.;G0QNDE5L6QG9EXY;00000049049;Cheques emitidos (9).csv;emitido
354;CAMARA DE ENTIDADES DE SALUD;2026-04-30;;1293468,95;Pagado;acreditado;BANCO DE GALICIA Y BUENOS AIRES S.A.U.;JWV9JVJ8OPZ9QMD;49049;Cheques emitidos (3).csv;emitido
410;CLINICA PRIVADA DEAN FUNES S.R.L.;2026-04-30;;1958959,33;Pagado;acreditado;BANCO DE GALICIA Y BUENOS AIRES S.A.U.;6ZO9WKXL5E795GP;49049;Cheques emitidos (3).csv;emitido
172;AMPARAR S.R.L.;2026-04-30;;4142678,24;Pagado;acreditado;BANCO DE GALICIA Y BUENOS AIRES S.A.U.;XJE27K80QVO97MY;49049;Cheques emitidos (3).csv;emitido
334;COSEME SA;2026-04-30;;2000264,33;Pagado;acreditado;BANCO DE GALICIA Y BUENOS AIRES S.A.U.;P68NK0LMXEDNR7O;49049;Cheques emitidos (3).csv;emitido
501;CIRC P REHABILIT S MARTIN;2026-04-30;;620000,0;Anulado;anulado;BANCO DE GALICIA Y BUENOS AIRES S.A.U.;MKX9RQYVYE4NO6W;49049;Cheques emitidos (3).csv;emitido
201;COSEME SA;2026-04-30;;1674938,14;Pagado;acreditado;BANCO DE GALICIA Y BUENOS AIRES S.A.U.;G0QNDEG3V6V9EXY;49049;Cheques emitidos (3).csv;emitido
400;CAMARA DE ENTIDADES DE SALUD;2026-04-30;;5910758,6;Pagado;acreditado;BANCO DE GALICIA Y BUENOS AIRES S.A.U.;Q619LDPVQLZ27JZ;49049;Cheques emitidos (3).csv;emitido
414;CLINICA PRIVADA DE LA CIUDAD SRL;2026-04-30;;699936,08;Pagado;acreditado;BANCO DE GALICIA Y BUENOS AIRES S.A.U.;RZP906YDPY49EGJ;49049;Cheques emitidos (3).csv;emitido
493;ASOCIACION DE CLINICAS DEL NORTE PAMI;2026-04-30;;17575738,76;Pagado;acreditado;BANCO DE GALICIA Y BUENOS AIRES S.A.U.;GOW9MM565QZ9EXD;49049;Cheques emitidos (3).csv;emitido
538;SANATORIO PRIVADO GATTI S.R.L;2026-04-30;;377356,66;Repudiado;rechazado;BANCO DE GALICIA Y BUENOS AIRES S.A.U.;XJE270OZ5ZP97MY;49049;Cheques emitidos (3).csv;emitido
422;COLEGIO MED REG DEL SUR DE CBA;2026-04-30;;168577,11;Anulado;anulado;BANCO DE GALICIA Y BUENOS AIRES S.A.U.;GOW9MMP0QJZ9EXD;49049;Cheques emitidos (3).csv;emitido
00000588;COLEGIO MEDICO DE OLIVA;2026-05-05;;198776,8;Vencido;rechazado;BANCO DE GALICIA Y BUENOS AIRES S.A.U.;LMDN30XV56YNE7R;00000049049;Cheques emitidos (9).csv;emitido
00000587;COLEGIO MED REG DEL SUR DE CBA;2026-05-05;;574933,59;Pagado;acreditado;BANCO DE GALICIA Y BUENOS AIRES S.A.U.;4MR2ZJP7RVE9DEZ;00000049049;Cheques emitidos (9).csv;emitido
00000561;PAULA BEATRIZ ARROYO;2026-05-06;;1036966,1;Pagado;acreditado;BANCO DE GALICIA Y BUENOS AIRES S.A.U.;JWV9JJPQP7Z9QMD;00000049049;Cheques emitidos (9).csv;emitido
00000579;CLINICA PRIVADA DE ESPECIALIDADES DE VIL;2026-05-10;;2676919,09;Pagado;acreditado;BANCO DE GALICIA Y BUENOS AIRES S.A.U.;6DVNOQDW0QE25J8;00000049049;Cheques emitidos (9).csv;emitido
00000594;EL JUNCO SERVICIOS SOCIALES S.A.;2026-05-10;;498042,0;Pagado;acreditado;BANCO DE GALICIA Y BUENOS AIRES S.A.U.;ZEPN6DQMPVV2Q0M;00000049049;Cheques emitidos (9).csv;emitido
00000606;POLICLINICO PRIVADO SAN LUCAS SA;2026-05-10;;308708,67;Pagado;acreditado;BANCO DE GALICIA Y BUENOS AIRES S.A.U.;KYZ9QROQLR82V50;00000049049;Cheques emitidos (9).csv;emitido
00000580;CLINICA MEDITERRANEA SALUD SA;2026-05-10;;119641,16;Pagado;acreditado;BANCO DE GALICIA Y BUENOS AIRES S.A.U.;6ZO9WZ1V3W595GP;00000049049;Cheques emitidos (9).csv;emitido
00000577;CIRC P REHABILIT S MARTIN;2026-05-10;;542500,0;Pagado;acreditado;BANCO DE GALICIA Y BUENOS AIRES S.A.U.;ZEPN6DQMP5V2Q0M;00000049049;Cheques emitidos (9).csv;emitido
00000652;MARINI AGUSTIN;2026-05-20;;1050000,0;Pagado;acreditado;BANCO DE GALICIA Y BUENOS AIRES S.A.U.;LMDN30QPMGKNE7R;00000049049;Cheques emitidos (9).csv;emitido
00000619;CLINICA PRIVADA CARAFFA SRL;2026-05-20;;457306,48;Pagado;acreditado;BANCO DE GALICIA Y BUENOS AIRES S.A.U.;V8794J7OPJD2PEY;00000049049;Cheques emitidos (9).csv;emitido
00000622;GESTSAL S.R.L.;2026-05-25;;1327760,0;Pagado;acreditado;BANCO DE GALICIA Y BUENOS AIRES S.A.U.;XJE27M61YPEN7MY;00000049049;Cheques emitidos (9).csv;emitido
00000556;SERVICIOS MEDICOS SRL;2026-05-25;;12959975,8;Pagado;acreditado;BANCO DE GALICIA Y BUENOS AIRES S.A.U.;6ZO9WKOLJK395GP;00000049049;Cheques emitidos (9).csv;emitido
00000586;CLINICA PRIVADA JESUS MARIA DR. A.VIALE;2026-05-31;;362211,36;Pagado;acreditado;BANCO DE GALICIA Y BUENOS AIRES S.A.U.;RZP90X584OR2EGJ;00000049049;Cheques emitidos (9).csv;emitido
00000417;CLINICA PRIVADA INTEGRAL DE PSIQUIATRIA;2026-05-31;;378314,21;Pagado;acreditado;BANCO DE GALICIA Y BUENOS AIRES S.A.U.;MKX9RQ3G5P1NO6W;00000049049;Cheques emitidos (9).csv;emitido
00000428;ECCO SA;2026-05-31;;3477713,1;Pagado;acreditado;BANCO DE GALICIA Y BUENOS AIRES S.A.U.;P68NKLYZW6D9R7O;00000049049;Cheques emitidos (9).csv;emitido
00000463;INDUSMED SAS;2026-05-31;;900000,0;Pagado;acreditado;BANCO DE GALICIA Y BUENOS AIRES S.A.U.;ZEPN6VOJWOW2Q0M;00000049049;Cheques emitidos (9).csv;emitido
00000505;CLINICA PRIVADA INTEGRAL DE PSIQUIATRIA;2026-05-31;;378314,21;Pagado;acreditado;BANCO DE GALICIA Y BUENOS AIRES S.A.U.;W612EKG4G0Q2GXY;00000049049;Cheques emitidos (9).csv;emitido
00000522;IMAGENES MEDICAS SRL;2026-05-31;;548349,65;Pagado;acreditado;BANCO DE GALICIA Y BUENOS AIRES S.A.U.;O172V5YDODD2KJ3;00000049049;Cheques emitidos (9).csv;emitido
00000544;INDUSMED SAS;2026-05-31;;2836000,0;Pagado;acreditado;BANCO DE GALICIA Y BUENOS AIRES S.A.U.;Q619LD8611827JZ;00000049049;Cheques emitidos (9).csv;emitido
00000578;CIRCULO MEDICO REG RIO III;2026-05-31;;2629719,29;Pagado;acreditado;BANCO DE GALICIA Y BUENOS AIRES S.A.U.;4OGNY01GEZY90L6;00000049049;Cheques emitidos (9).csv;emitido
00000609;RESONANCIA MAGNETI;2026-05-31;;525255,26;Pagado;acreditado;BANCO DE GALICIA Y BUENOS AIRES S.A.U.;JWV9JMLZ1J39QMD;00000049049;Cheques emitidos (9).csv;emitido
00000610;SAN FRANCISCO SALUD - CONSORCIO DE COOPE;2026-05-31;;14769163,69;Pagado;acreditado;BANCO DE GALICIA Y BUENOS AIRES S.A.U.;G7V95LEDYL4NEMP;00000049049;Cheques emitidos (9).csv;emitido
00000621;IMAGENES MEDICAS SRL;2026-05-31;;317480,52;Pagado;acreditado;BANCO DE GALICIA Y BUENOS AIRES S.A.U.;JWV9JMX6PMM9QMD;00000049049;Cheques emitidos (9).csv;emitido
00000287;PABLO GABRIEL MIGLIERINI;2026-05-31;;9465625,0;Pagado;acreditado;BANCO DE GALICIA Y BUENOS AIRES S.A.U.;RZP90O6Y7K62EGJ;00000049049;Cheques emitidos (9).csv;emitido
00000516;FUNDACION FECUNDART;2026-05-31;;202474,6;Pagado;acreditado;BANCO DE GALICIA Y BUENOS AIRES S.A.U.;V87946M1MY0NPEY;00000049049;Cheques emitidos (9).csv;emitido
00000548;CIPREM S.R.L.;2026-05-31;;6931224,1;Pagado;acreditado;BANCO DE GALICIA Y BUENOS AIRES S.A.U.;4MR2ZVZ1X7E9DEZ;00000049049;Cheques emitidos (9).csv;emitido
00000510;ECCO SA;2026-05-31;;3526727,31;Pagado;acreditado;BANCO DE GALICIA Y BUENOS AIRES S.A.U.;O172V5YDYVV2KJ3;00000049049;Cheques emitidos (9).csv;emitido
00000613;SANATORIO MORRA SA;2026-05-31;;786281,89;Pagado;acreditado;BANCO DE GALICIA Y BUENOS AIRES S.A.U.;G0QNDZJW8ZG9EXY;00000049049;Cheques emitidos (9).csv;emitido
00000614;SCM MEDICAS SA;2026-05-31;;357318,6;Pagado;acreditado;BANCO DE GALICIA Y BUENOS AIRES S.A.U.;G7V95LEDYZMNEMP;00000049049;Cheques emitidos (9).csv;emitido
00000457;SOLBO SAS;2026-05-31;;226272,26;Pagado;acreditado;BANCO DE GALICIA Y BUENOS AIRES S.A.U.;KYZ9Q31M5OV9V50;00000049049;Cheques emitidos (9).csv;emitido
00000235;PROMET S.R.L.;2026-05-31;;4025624,21;Pagado;acreditado;BANCO DE GALICIA Y BUENOS AIRES S.A.U.;RZP90OZM64Y2EGJ;00000049049;Cheques emitidos (9).csv;emitido
00000411;CLINICA PRIVADA CARAFFA SRL;2026-05-31;;3298665,33;Pagado;acreditado;BANCO DE GALICIA Y BUENOS AIRES S.A.U.;GYKNXPKDXRW9MPR;00000049049;Cheques emitidos (9).csv;emitido
00000471;INSTITUTO CONCI CARPINELLA SRL;2026-05-31;;4716035,42;Pagado;acreditado;BANCO DE GALICIA Y BUENOS AIRES S.A.U.;LMDN36ZVGZXNE7R;00000049049;Cheques emitidos (9).csv;emitido
00000546;INSTITUTO CONCI CARPINELLA SRL;2026-05-31;;6530015,59;Pagado;acreditado;BANCO DE GALICIA Y BUENOS AIRES S.A.U.;RZP906OKP869EGJ;00000049049;Cheques emitidos (9).csv;emitido
00000583;CLINICA PRIVADA DEL SOL SA;2026-05-31;;2690625,11;Pagado;acreditado;BANCO DE GALICIA Y BUENOS AIRES S.A.U.;V8794J805R42PEY;00000049049;Cheques emitidos (9).csv;emitido
00000490;CLINICA PRIVADA DEL SOL SA;2026-05-31;;8037175,55;Pagado;acreditado;BANCO DE GALICIA Y BUENOS AIRES S.A.U.;V8794645OJENPEY;00000049049;Cheques emitidos (9).csv;emitido
00000524;INSTITUTO PRIVADO DE NEONATOLOGIA Y PEDI;2026-05-31;;4903920,07;Pagado;acreditado;BANCO DE GALICIA Y BUENOS AIRES S.A.U.;JWV9JJE41489QMD;00000049049;Cheques emitidos (9).csv;emitido
00000542;UNIDAD DIGESTIVA BAISTROCCHI S.R.L.;2026-05-31;;852571,4;Pagado;acreditado;BANCO DE GALICIA Y BUENOS AIRES S.A.U.;4OGNYZY7EEM90L6;00000049049;Cheques emitidos (9).csv;emitido
00000598;INSTITUTO PRIVADO DE NEONATOLOGIA Y PEDI;2026-05-31;;1111025,04;Pagado;acreditado;BANCO DE GALICIA Y BUENOS AIRES S.A.U.;GOW9MO81ZM8NEXD;00000049049;Cheques emitidos (9).csv;emitido
00000401;CAMARA DE ENTIDADES DE SALUD;2026-05-31;;5910758,61;Pagado;acreditado;BANCO DE GALICIA Y BUENOS AIRES S.A.U.;6LEN8JRD6Q0NM1Y;00000049049;Cheques emitidos (9).csv;emitido
00000426;DE LA VILLA SERVICIOS ASISTENCIALES S.A;2026-05-31;;1085332,03;Pagado;acreditado;BANCO DE GALICIA Y BUENOS AIRES S.A.U.;JWV9JJ6OW6M9QMD;00000049049;Cheques emitidos (9).csv;emitido
00000469;CIPREM S.R.L.;2026-05-31;;3228271,19;Pagado;acreditado;BANCO DE GALICIA Y BUENOS AIRES S.A.U.;4OGNYZMGJMV90L6;00000049049;Cheques emitidos (9).csv;emitido
00000496;CAMARA DE ENTIDADES DE SALUD;2026-05-31;;7720111,7;Pagado;acreditado;BANCO DE GALICIA Y BUENOS AIRES S.A.U.;ZEPN6V717WO2Q0M;00000049049;Cheques emitidos (9).csv;emitido
00000508;DE LA VILLA SERVICIOS ASISTENCIALES S.A;2026-05-31;;1117543,33;Pagado;acreditado;BANCO DE GALICIA Y BUENOS AIRES S.A.U.;6ZO9WKYMY5795GP;00000049049;Cheques emitidos (9).csv;emitido
00000570;ASOCIACION DE CLINICAS DEL NORTE PAMI;2026-05-31;;5610779,93;Pagado;acreditado;BANCO DE GALICIA Y BUENOS AIRES S.A.U.;6LEN8G7P5ZGNM1Y;00000049049;Cheques emitidos (9).csv;emitido
00000444;PABLO GABRIEL MIGLIERINI;2026-05-31;;4275500,0;Pagado;acreditado;BANCO DE GALICIA Y BUENOS AIRES S.A.U.;6ZO9WKXL54195GP;00000049049;Cheques emitidos (9).csv;emitido
00000640;CAMARA DE ENTIDADES DE SALUD;2026-05-31;;239884,64;Pagado;acreditado;BANCO DE GALICIA Y BUENOS AIRES S.A.U.;JWV9JMO7P1D9QMD;00000049049;Cheques emitidos (9).csv;emitido
00000335;COSEME SA;2026-05-31;;2000264,33;Pagado;acreditado;BANCO DE GALICIA Y BUENOS AIRES S.A.U.;ZEPN65VG4KO2Q0M;00000049049;Cheques emitidos (9).csv;emitido
00000464;COSEME SA;2026-05-31;;1771475,94;Pagado;acreditado;BANCO DE GALICIA Y BUENOS AIRES S.A.U.;V87946OVY80NPEY;00000049049;Cheques emitidos (9).csv;emitido
00000576;CIDI SA;2026-05-31;;524038,84;Pagado;acreditado;BANCO DE GALICIA Y BUENOS AIRES S.A.U.;6LEN8G7P5JGNM1Y;00000049049;Cheques emitidos (9).csv;emitido
00000333;AMPARAR S.R.L.;2026-05-31;;884891,19;Pagado;acreditado;BANCO DE GALICIA Y BUENOS AIRES S.A.U.;GOW9MLM7YKZNEXD;00000049049;Cheques emitidos (9).csv;emitido
00000358;SOLBO SAS;2026-05-31;;401308,82;Pagado;acreditado;BANCO DE GALICIA Y BUENOS AIRES S.A.U.;Q619LJDEV4327JZ;00000049049;Cheques emitidos (9).csv;emitido
00000368;CIPREM S.R.L.;2026-05-31;;8364319,81;Pagado;acreditado;BANCO DE GALICIA Y BUENOS AIRES S.A.U.;P68NK0LQRGZNR7O;00000049049;Cheques emitidos (9).csv;emitido
00000396;AMPARAR S.R.L.;2026-05-31;;3899487,3;Pagado;acreditado;BANCO DE GALICIA Y BUENOS AIRES S.A.U.;RPQ2GZ6KQ3GNGLY;00000049049;Cheques emitidos (9).csv;emitido
00000503;CLINICA PRIVADA DE LA CIUDAD SRL;2026-05-31;;560990,24;Pagado;acreditado;BANCO DE GALICIA Y BUENOS AIRES S.A.U.;RZP906010PP9EGJ;00000049049;Cheques emitidos (9).csv;emitido
00000434;GPAL BIOQUIMICA CLINICA SAS;2026-05-31;;890556,78;Pagado;acreditado;BANCO DE GALICIA Y BUENOS AIRES S.A.U.;JWV9JJ6OW0D9QMD;00000049049;Cheques emitidos (9).csv;emitido
00000500;CIDI SA;2026-05-31;;1128918,54;Pagado;acreditado;BANCO DE GALICIA Y BUENOS AIRES S.A.U.;6LEN8J3V360NM1Y;00000049049;Cheques emitidos (9).csv;emitido
00000571;ASOCIACION PRESTADORES DE HEMODIALISIS Y;2026-05-31;;15719908,0;Pagado;acreditado;BANCO DE GALICIA Y BUENOS AIRES S.A.U.;LMDN30XV50WNE7R;00000049049;Cheques emitidos (9).csv;emitido
00000599;INSTITUTO PRIVADO DE RADIOTERAPIA;2026-05-31;;2120411,7;Pagado;acreditado;BANCO DE GALICIA Y BUENOS AIRES S.A.U.;RPQ2GJVM1JY2GLY;00000049049;Cheques emitidos (9).csv;emitido
00000636;PROMET S.R.L.;2026-05-31;;2697044,27;Pagado;acreditado;BANCO DE GALICIA Y BUENOS AIRES S.A.U.;RPQ2GJY5J0M2GLY;00000049049;Cheques emitidos (9).csv;emitido
00000514;FEDERACION DE BIOQUIMICOS DE LA PCIA DE;2026-05-31;;2111952,5;Pagado;acreditado;BANCO DE GALICIA Y BUENOS AIRES S.A.U.;O172V5YDY4V2KJ3;00000049049;Cheques emitidos (9).csv;emitido
00000605;PARQUE SALUD S.A;2026-05-31;;167000,0;Pagado;acreditado;BANCO DE GALICIA Y BUENOS AIRES S.A.U.;EZ8NPEWQJO494KV;00000049049;Cheques emitidos (9).csv;emitido
00000649;SOP SRL;2026-05-31;;8042790,0;Pagado;acreditado;BANCO DE GALICIA Y BUENOS AIRES S.A.U.;XJE27MJ61K6N7MY;00000049049;Cheques emitidos (9).csv;emitido
00000581;CLINICA PRIVADA COAT SRL;2026-05-31;;263875,6;DepÃ³sito en proceso;en_proceso_deposito;BANCO DE GALICIA Y BUENOS AIRES S.A.U.;GYKNXVW0Q8Q9MPR;00000049049;Cheques emitidos (9).csv;emitido
00000475;SANATORIO DEL SALVADOR PRIVADO SA;2026-05-31;;5314721,92;Pagado;acreditado;BANCO DE GALICIA Y BUENOS AIRES S.A.U.;P68NKLZV6ZZ9R7O;00000049049;Cheques emitidos (9).csv;emitido
00000521;GRUPO OPTICO S.A.;2026-05-31;;257664,0;Pagado;acreditado;BANCO DE GALICIA Y BUENOS AIRES S.A.U.;P68NKLR411K9R7O;00000049049;Cheques emitidos (9).csv;emitido
00000379;SANATORIO DEL SALVADOR PRIVADO SA;2026-05-31;;4287154,38;Pagado;acreditado;BANCO DE GALICIA Y BUENOS AIRES S.A.U.;W612ERVELKLNGXY;00000049049;Cheques emitidos (9).csv;emitido
00000589;COLEGIO MEDICO REGIONAL ARROYITO;2026-05-31;;2796015,68;Pagado;acreditado;BANCO DE GALICIA Y BUENOS AIRES S.A.U.;V8794J805642PEY;00000049049;Cheques emitidos (9).csv;emitido
00000626;UNIVERSIDAD NACIONAL DE CORDOBA;2026-05-31;;537229,1;Rechazado con acuerdo;rechazado;BANCO DE GALICIA Y BUENOS AIRES S.A.U.;P68NKGKYXGZ2R7O;00000049049;Cheques emitidos (9).csv;emitido
00000403;CE MO SA;2026-05-31;;937002,14;Pagado;acreditado;BANCO DE GALICIA Y BUENOS AIRES S.A.U.;JWV9JJ6OWYD9QMD;00000049049;Cheques emitidos (9).csv;emitido
00000498;CE MO SA;2026-05-31;;990259,58;Pagado;acreditado;BANCO DE GALICIA Y BUENOS AIRES S.A.U.;XJE270OZO3O97MY;00000049049;Cheques emitidos (9).csv;emitido
00000473;SOCIEDAD DE BENEFICENCIA HOSPITAL ITALIA;2026-05-31;;3169089,83;Pagado;acreditado;BANCO DE GALICIA Y BUENOS AIRES S.A.U.;W612EKO63OW2GXY;00000049049;Cheques emitidos (9).csv;emitido
00000558;SOCIEDAD DE BENEFICENCIA HOSPITAL ITALIA;2026-05-31;;4565822,21;Pagado;acreditado;BANCO DE GALICIA Y BUENOS AIRES S.A.U.;4OGNYZQMDZQ90L6;00000049049;Cheques emitidos (9).csv;emitido
00000376;SOCIEDAD DE BENEFICENCIA HOSPITAL ITALIA;2026-05-31;;8186741,85;Pagado;acreditado;BANCO DE GALICIA Y BUENOS AIRES S.A.U.;RZP90OXWGQ42EGJ;00000049049;Cheques emitidos (9).csv;emitido
00000421;CLINICA PRIVADA SANTA MARIA S.A;2026-05-31;;404513,96;Aceptado;pendiente;BANCO DE GALICIA Y BUENOS AIRES S.A.U.;W612EK7OY3Q2GXY;00000049049;Cheques emitidos (9).csv;emitido
00000627;UNIVERSIDAD NACIONAL DE CORDOBA;2026-05-31;;11801,46;Pagado;acreditado;BANCO DE GALICIA Y BUENOS AIRES S.A.U.;ZEPN6DYO4DP2Q0M;00000049049;Cheques emitidos (9).csv;emitido
00000305;INSTITUTO PRIVADO DE RADIOTERAPIA;2026-05-31;;1400000,0;Pagado;acreditado;BANCO DE GALICIA Y BUENOS AIRES S.A.U.;G7V958ZOVER9EMP;00000049049;Cheques emitidos (9).csv;emitido
00000525;NEUROTEAM S.A.S.;2026-05-31;;2360297,44;Pagado;acreditado;BANCO DE GALICIA Y BUENOS AIRES S.A.U.;RZP906014449EGJ;00000049049;Cheques emitidos (9).csv;emitido
00000384;SOCIEDAD DE BENEFICENCIA HOSPITAL ITALIA;2026-05-31;;166619,43;Aceptado;pendiente;BANCO DE GALICIA Y BUENOS AIRES S.A.U.;RPQ2G5JW35J2GLY;00000049049;Cheques emitidos (8).csv;emitido
00000423;COLEGIO MED REG DEL SUR DE CBA;2026-05-31;;168577,11;Anulado;anulado;BANCO DE GALICIA Y BUENOS AIRES S.A.U.;RZP906YDPKP9EGJ;00000049049;Cheques emitidos (8).csv;emitido
00000442;INSTITUTO PRIVADO DE RADIOTERAPIA;2026-05-31;;1780535,33;Anulado;anulado;BANCO DE GALICIA Y BUENOS AIRES S.A.U.;KYZ9Q31M5QV9V50;00000049049;Cheques emitidos (8).csv;emitido
00000485;ERREPAR SA;2026-05-31;;80781,04;Pagado;acreditado;BANCO DE GALICIA Y BUENOS AIRES S.A.U.;V87946D3G5DNPEY;00000049049;Cheques emitidos (9).csv;emitido
00000515;FUNDACION CENTRO PREVENCION Y;2026-05-31;;600000,0;Aceptado;pendiente;BANCO DE GALICIA Y BUENOS AIRES S.A.U.;G7V95ZG1G3W2EMP;00000049049;Cheques emitidos (8).csv;emitido
00000318;ASOCIACION PRESTADORES DE HEMODIALISIS Y;2026-05-31;;6821762,0;Pagado;acreditado;BANCO DE GALICIA Y BUENOS AIRES S.A.U.;GYKNX8P7O5W9MPR;00000049049;Cheques emitidos (9).csv;emitido
00000495;ASOCIACION PRESTADORES DE HEMODIALISIS Y;2026-05-31;;13476567,0;Pagado;acreditado;BANCO DE GALICIA Y BUENOS AIRES S.A.U.;4OGNYZY7YX490L6;00000049049;Cheques emitidos (9).csv;emitido
00000543;UNIVERSIDAD NACIONAL DE CORDOBA;2026-05-31;;377517,35;Pagado;acreditado;BANCO DE GALICIA Y BUENOS AIRES S.A.U.;Q619LD8616827JZ;00000049049;Cheques emitidos (9).csv;emitido
00000356;GPAL BIOQUIMICA CLINICA SAS;2026-05-31;;547756,46;Pagado;acreditado;BANCO DE GALICIA Y BUENOS AIRES S.A.U.;MKX9ROQ6G8V9O6W;00000049049;Cheques emitidos (9).csv;emitido
00000467;ASOCIACION PRESTADORES DE HEMODIALISIS Y;2026-05-31;;11573226,0;Pagado;acreditado;BANCO DE GALICIA Y BUENOS AIRES S.A.U.;V87946V0KVDNPEY;00000049049;Cheques emitidos (9).csv;emitido
00000635;PAULA BEATRIZ ARROYO;2026-06-07;;1073259,91;Emitido;pendiente;BANCO DE GALICIA Y BUENOS AIRES S.A.U.;GYKNXVJ1YVK9MPR;00000049049;Cheques emitidos (9).csv;emitido
00000716;CLINICA PRIVADA SANTA MARIA S.A;2026-06-10;;378021,48;Anulado;anulado;BANCO DE GALICIA Y BUENOS AIRES S.A.U.;6ZO9WZ3P7V195GP;00000049049;Cheques emitidos (9).csv;emitido
00000678;CLINICA PRIVADA SANTA MARIA S.A;2026-06-10;;378021,48;DepÃ³sito en proceso;en_proceso_deposito;BANCO DE GALICIA Y BUENOS AIRES S.A.U.;W612EV1XEXW9GXY;00000049049;Cheques emitidos (9).csv;emitido
00000686;EL JUNCO SERVICIOS SOCIALES S.A.;2026-06-10;;530463,04;DepÃ³sito en proceso;en_proceso_deposito;BANCO DE GALICIA Y BUENOS AIRES S.A.U.;Q619L71M40X97JZ;00000049049;Cheques emitidos (9).csv;emitido
00000712;CLINICA PRIVADA DE ESPECIALIDADES DE VIL;2026-06-10;;724531,55;Anulado;anulado;BANCO DE GALICIA Y BUENOS AIRES S.A.U.;RPQ2GJ1EWVJ2GLY;00000049049;Cheques emitidos (9).csv;emitido
00000725;ESTIX SAS;2026-06-10;;223192,02;Anulado;anulado;BANCO DE GALICIA Y BUENOS AIRES S.A.U.;ZEPN6DPX4YP2Q0M;00000049049;Cheques emitidos (9).csv;emitido
00000724;EL JUNCO SERVICIOS SOCIALES S.A.;2026-06-10;;530463,04;Anulado;anulado;BANCO DE GALICIA Y BUENOS AIRES S.A.U.;JXON1Z5VWR12Z64;00000049049;Cheques emitidos (9).csv;emitido
00000679;COLEGIO MED REG DEL SUR DE CBA;2026-06-10;;1313390,98;Anulado;anulado;BANCO DE GALICIA Y BUENOS AIRES S.A.U.;G7V95LY6XDDNEMP;00000049049;Cheques emitidos (9).csv;emitido
00000737;POLICLINICO PRIVADO SAN LUCAS SA;2026-06-10;;1965603,1;Anulado;anulado;BANCO DE GALICIA Y BUENOS AIRES S.A.U.;RZP90XWGG6R2EGJ;00000049049;Cheques emitidos (9).csv;emitido
00000687;ESTIX SAS;2026-06-10;;223192,02;Pagado;acreditado;BANCO DE GALICIA Y BUENOS AIRES S.A.U.;KYZ9QRLK0GQ2V50;00000049049;Cheques emitidos (9).csv;emitido
00000717;COLEGIO MED REG DEL SUR DE CBA;2026-06-10;;1313390,98;Pagado;acreditado;BANCO DE GALICIA Y BUENOS AIRES S.A.U.;KYZ9QRLK0OV2V50;00000049049;Cheques emitidos (9).csv;emitido
00000674;CLINICA PRIVADA DE ESPECIALIDADES DE VIL;2026-06-10;;724531,55;Pagado;acreditado;BANCO DE GALICIA Y BUENOS AIRES S.A.U.;JXON1Z5VWDP2Z64;00000049049;Cheques emitidos (9).csv;emitido
00000643;ASOC MEDICA DEL DPTO SAN MARTI;2026-06-10;;31196801,63;Pagado;acreditado;BANCO DE GALICIA Y BUENOS AIRES S.A.U.;6ZO9WZ08Y3795GP;00000049049;Cheques emitidos (9).csv;emitido
00000765;POLICLINICO PRIVADO SAN LUCAS SA;2026-06-10;;1712542,6;Pagado;acreditado;BANCO DE GALICIA Y BUENOS AIRES S.A.U.;XJE27M4M0EJN7MY;00000049049;Cheques emitidos (9).csv;emitido
00000644;PREMIAR COMPANIA D;2026-06-14;;1236404,71;DepÃ³sito en proceso;en_proceso_deposito;BANCO DE GALICIA Y BUENOS AIRES S.A.U.;RZP90XPGRM42EGJ;00000049049;Cheques emitidos (9).csv;emitido
00000653;MARINI AGUSTIN;2026-06-20;;1050000,0;Aceptado;pendiente;BANCO DE GALICIA Y BUENOS AIRES S.A.U.;KYZ9QRDPW4V2V50;00000049049;Cheques emitidos (9).csv;emitido
00000623;GESTSAL S.R.L.;2026-06-23;;1327760,0;Aceptado;pendiente;BANCO DE GALICIA Y BUENOS AIRES S.A.U.;GOW9MOGPYOYNEXD;00000049049;Cheques emitidos (9).csv;emitido
557;SERVICIOS MEDICOS SRL;2026-06-25;;7114078,95;Aceptado;pendiente;BANCO DE GALICIA Y BUENOS AIRES S.A.U.;GYKNXP3DLPP9MPR;49049;Cheques emitidos (3).csv;emitido
575;CE MO SA;2026-06-30;;153629,29;Emitido;pendiente;BANCO DE GALICIA Y BUENOS AIRES S.A.U.;Q619L7O017397JZ;49049;Cheques emitidos (3).csv;emitido
00000711;CLINICA PRIVADA COAT SRL;2026-06-30;;303843,44;Anulado;anulado;BANCO DE GALICIA Y BUENOS AIRES S.A.U.;MKX9RWDK8PKNO6W;00000049049;Cheques emitidos (9).csv;emitido
00000645;OMICRON SRL;2026-06-30;;2530000,0;Aceptado;pendiente;BANCO DE GALICIA Y BUENOS AIRES S.A.U.;6ZO9WZQ4XY595GP;00000049049;Cheques emitidos (9).csv;emitido
00000718;COLEGIO MEDICO REGIONAL ARROYITO;2026-06-30;;316055,19;Aceptado;pendiente;BANCO DE GALICIA Y BUENOS AIRES S.A.U.;W612EV1XE6L9GXY;00000049049;Cheques emitidos (9).csv;emitido
491;AMPARAR S.R.L.;2026-06-30;;1841757,56;Aceptado;pendiente;BANCO DE GALICIA Y BUENOS AIRES S.A.U.;JWV9JJE4EGD9QMD;49049;Cheques emitidos (3).csv;emitido
584;CLINICA PRIVADA INTEGRAL DE PSIQUIATRIA;2026-06-30;;2094649,95;Emitido;pendiente;BANCO DE GALICIA Y BUENOS AIRES S.A.U.;GOW9MO81ZOPNEXD;49049;Cheques emitidos (3).csv;emitido
616;UNIDAD DIGESTIVA BAISTROCCHI S.R.L.;2026-06-30;;793849,8;Aceptado;pendiente;BANCO DE GALICIA Y BUENOS AIRES S.A.U.;KYZ9QROQL3P2V50;49049;Cheques emitidos (3).csv;emitido
00000694;ASOCIACION DE CLINICAS DEL NORTE PAMI;2026-06-30;;4840770,24;Emitido;pendiente;BANCO DE GALICIA Y BUENOS AIRES S.A.U.;W612EV1XEJL9GXY;00000049049;Cheques emitidos (9).csv;emitido
00000719;CLINICA PRIVADA DEL SOL SA;2026-06-30;;1571684,14;Anulado;anulado;BANCO DE GALICIA Y BUENOS AIRES S.A.U.;LMDN305JKJXNE7R;00000049049;Cheques emitidos (9).csv;emitido
00000646;SERVICIOS MEDICOS SRL;2026-06-30;;17024383,06;Aceptado;pendiente;BANCO DE GALICIA Y BUENOS AIRES S.A.U.;Q619L7Z3PJL97JZ;00000049049;Cheques emitidos (9).csv;emitido
572;ASOCIACION PRESTADORES DE HEMODIALISIS Y;2026-06-30;;15719908,0;Emitido;pendiente;BANCO DE GALICIA Y BUENOS AIRES S.A.U.;4OGNY01GEKY90L6;49049;Cheques emitidos (3).csv;emitido
00000676;CLINICA PRIVADA DEL SOL SA;2026-06-30;;1571684,14;Anulado;anulado;BANCO DE GALICIA Y BUENOS AIRES S.A.U.;XJE27M58YQPN7MY;00000049049;Cheques emitidos (9).csv;emitido
00000697;BARIATRICA S.A.;2026-06-30;;197544,0;Aceptado;pendiente;BANCO DE GALICIA Y BUENOS AIRES S.A.U.;G7V95LY6XEDNEMP;00000049049;Cheques emitidos (9).csv;emitido
00000657;ASOCIACION PRESTADORES DE HEMODIALISIS Y;2026-06-30;;15121860,0;Emitido;pendiente;BANCO DE GALICIA Y BUENOS AIRES S.A.U.;G0QNDZ8GQ0E9EXY;00000049049;Cheques emitidos (9).csv;emitido
593;ECCO SA;2026-06-30;;1800000,0;Aceptado;pendiente;BANCO DE GALICIA Y BUENOS AIRES S.A.U.;RZP90X5846R2EGJ;49049;Cheques emitidos (3).csv;emitido
00000701;CIDI SA;2026-06-30;;1391438,55;Aceptado;pendiente;BANCO DE GALICIA Y BUENOS AIRES S.A.U.;6DVNOQ01ZGK25J8;00000049049;Cheques emitidos (9).csv;emitido
582;CLINICA PRIVADA DE LA CIUDAD SRL;2026-06-30;;629368,64;Aceptado;pendiente;BANCO DE GALICIA Y BUENOS AIRES S.A.U.;JWV9JMLZ1V39QMD;49049;Cheques emitidos (3).csv;emitido
00000631;FEDERACION DE BIOQUIMICOS DE LA PCIA DE;2026-06-30;;1527538,0;Aceptado;pendiente;BANCO DE GALICIA Y BUENOS AIRES S.A.U.;MKX9RWP38WKNO6W;00000049049;Cheques emitidos (9).csv;emitido
00000754;PROMET S.R.L.;2026-06-30;;1029665,33;Emitido;pendiente;BANCO DE GALICIA Y BUENOS AIRES S.A.U.;4MR2ZJ688VE9DEZ;00000049049;Cheques emitidos (9).csv;emitido
00000714;CLINICA PRIVADA DEL SOL SA;2026-06-30;;1571684,14;Anulado;anulado;BANCO DE GALICIA Y BUENOS AIRES S.A.U.;XJE27M58YGPN7MY;00000049049;Cheques emitidos (9).csv;emitido
288;PABLO GABRIEL MIGLIERINI;2026-06-30;;5496000,0;Aceptado;pendiente;BANCO DE GALICIA Y BUENOS AIRES S.A.U.;4MR2ZZVW01Y2DEZ;49049;Cheques emitidos (3).csv;emitido
435;GPAL BIOQUIMICA CLINICA SAS;2026-06-30;;890556,78;Aceptado;pendiente;BANCO DE GALICIA Y BUENOS AIRES S.A.U.;O172V5WJ4WD2KJ3;49049;Cheques emitidos (3).csv;emitido
00000680;COLEGIO MEDICO REGIONAL ARROYITO;2026-06-30;;316055,19;Anulado;anulado;BANCO DE GALICIA Y BUENOS AIRES S.A.U.;RZP90X4ZR842EGJ;00000049049;Cheques emitidos (9).csv;emitido
445;PABLO GABRIEL MIGLIERINI;2026-06-30;;4275500,01;Aceptado;pendiente;BANCO DE GALICIA Y BUENOS AIRES S.A.U.;O172V5WJ4EV2KJ3;49049;Cheques emitidos (3).csv;emitido
511;ECCO SA;2026-06-30;;3526727,31;Aceptado;pendiente;BANCO DE GALICIA Y BUENOS AIRES S.A.U.;G0QND5M4MV4NEXY;49049;Cheques emitidos (3).csv;emitido
00000641;CAMARA DE ENTIDADES DE SALUD;2026-06-30;;313735,78;Aceptado;pendiente;BANCO DE GALICIA Y BUENOS AIRES S.A.U.;Q619L7VM41Z97JZ;00000049049;Cheques emitidos (9).csv;emitido
00000740;ROENTGEN SA;2026-06-30;;884350,93;Emitido;pendiente;BANCO DE GALICIA Y BUENOS AIRES S.A.U.;RZP90XWGGXR2EGJ;00000049049;Cheques emitidos (9).csv;emitido
00000656;ASOCIACION DE CLINICAS DEL NORTE PAMI;2026-06-30;;4840770,24;Anulado;anulado;BANCO DE GALICIA Y BUENOS AIRES S.A.U.;ZEPN6DPX4MW2Q0M;00000049049;Cheques emitidos (9).csv;emitido
00000673;CLINICA PRIVADA COAT SRL;2026-06-30;;303843,44;Aceptado;pendiente;BANCO DE GALICIA Y BUENOS AIRES S.A.U.;ZEPN6DPX4QW2Q0M;00000049049;Cheques emitidos (9).csv;emitido
486;ERREPAR SA;2026-06-30;;80781,04;Aceptado;pendiente;BANCO DE GALICIA Y BUENOS AIRES S.A.U.;JXON160GK512Z64;49049;Cheques emitidos (3).csv;emitido
465;COSEME SA;2026-06-30;;1771475,94;Aceptado;pendiente;BANCO DE GALICIA Y BUENOS AIRES S.A.U.;P68NKLYZWJD9R7O;49049;Cheques emitidos (3).csv;emitido
443;INSTITUTO PRIVADO DE RADIOTERAPIA;2026-06-30;;1780535,34;Anulado;anulado;BANCO DE GALICIA Y BUENOS AIRES S.A.U.;XJE2701LWGP97MY;49049;Cheques emitidos (3).csv;emitido
00000677;CLINICA PRIVADA JESUS MARIA DR. A.VIALE;2026-06-30;;519626,06;Aceptado;pendiente;BANCO DE GALICIA Y BUENOS AIRES S.A.U.;MKX9RWDK871NO6W;00000049049;Cheques emitidos (9).csv;emitido
00000695;ASOCIACION PRESTADORES DE HEMODIALISIS Y;2026-06-30;;15121860,0;Anulado;anulado;BANCO DE GALICIA Y BUENOS AIRES S.A.U.;G7V95LY6X6RNEMP;00000049049;Cheques emitidos (9).csv;emitido
00000638;ECCO SA;2026-06-30;;4319369,64;Aceptado;pendiente;BANCO DE GALICIA Y BUENOS AIRES S.A.U.;RZP90XDZR4P2EGJ;00000049049;Cheques emitidos (9).csv;emitido
00000637;PROMET S.R.L.;2026-06-30;;2697044,27;Emitido;pendiente;BANCO DE GALICIA Y BUENOS AIRES S.A.U.;XJE27MVKM76N7MY;00000049049;Cheques emitidos (9).csv;emitido
00000664;CIRCULO MEDICO REG RIO III;2026-06-30;;484084,57;Aceptado;pendiente;BANCO DE GALICIA Y BUENOS AIRES S.A.U.;6ZO9WZ3P71195GP;00000049049;Cheques emitidos (9).csv;emitido
545;INDUSMED SAS;2026-06-30;;2836000,0;Aceptado;pendiente;BANCO DE GALICIA Y BUENOS AIRES S.A.U.;JXON16J155P2Z64;49049;Cheques emitidos (3).csv;emitido
00000665;CIPREM S.R.L.;2026-06-30;;4315325,24;Anulado;anulado;BANCO DE GALICIA Y BUENOS AIRES S.A.U.;P68NKG13XJK2R7O;00000049049;Cheques emitidos (9).csv;emitido
519;COSEME SA;2026-06-30;;2328893,45;Aceptado;pendiente;BANCO DE GALICIA Y BUENOS AIRES S.A.U.;RZP906014149EGJ;49049;Cheques emitidos (3).csv;emitido
00000659;BARIATRICA S.A.;2026-06-30;;197544,0;Anulado;anulado;BANCO DE GALICIA Y BUENOS AIRES S.A.U.;6ZO9WZ3P7PX95GP;00000049049;Cheques emitidos (9).csv;emitido
00000663;CIDI SA;2026-06-30;;1391438,55;Anulado;anulado;BANCO DE GALICIA Y BUENOS AIRES S.A.U.;GYKNXVQEO0K9MPR;00000049049;Cheques emitidos (9).csv;emitido
397;AMPARAR S.R.L.;2026-06-30;;3899487,3;Aceptado;pendiente;BANCO DE GALICIA Y BUENOS AIRES S.A.U.;XJE2701LWEO97MY;49049;Cheques emitidos (3).csv;emitido
00000736;PARQUE SALUD S.A;2026-06-30;;150300,0;Emitido;pendiente;BANCO DE GALICIA Y BUENOS AIRES S.A.U.;Q619L7E33XL97JZ;00000049049;Cheques emitidos (9).csv;emitido
00000601;NEUROTEAM S.A.S.;2026-06-30;;2000000,0;Aceptado;pendiente;BANCO DE GALICIA Y BUENOS AIRES S.A.U.;P68NKGJV1L52R7O;00000049049;Cheques emitidos (9).csv;emitido
573;CAMARA DE ENTIDADES DE SALUD;2026-06-30;;10245241,98;Aceptado;pendiente;BANCO DE GALICIA Y BUENOS AIRES S.A.U.;O172VXEZOR09KJ3;49049;Cheques emitidos (3).csv;emitido
617;INSTITUTO CONCI CARPINELLA SRL;2026-06-30;;7187461,14;Aceptado;pendiente;BANCO DE GALICIA Y BUENOS AIRES S.A.U.;G7V95L7OXLRNEMP;49049;Cheques emitidos (3).csv;emitido
00000746;SOP SRL;2026-06-30;;3790722,0;Emitido;pendiente;BANCO DE GALICIA Y BUENOS AIRES S.A.U.;MKX9RW6PPLENO6W;00000049049;Cheques emitidos (9).csv;emitido
528;PABLO GABRIEL MIGLIERINI;2026-06-30;;4275500,01;Aceptado;pendiente;BANCO DE GALICIA Y BUENOS AIRES S.A.U.;JWV9JJE41189QMD;49049;Cheques emitidos (3).csv;emitido
547;INSTITUTO CONCI CARPINELLA SRL;2026-06-30;;6530015,59;Aceptado;pendiente;BANCO DE GALICIA Y BUENOS AIRES S.A.U.;JWV9JJV0WZM9QMD;49049;Cheques emitidos (3).csv;emitido
517;GPAL BIOQUIMICA CLINICA SAS;2026-06-30;;997757,02;Aceptado;pendiente;BANCO DE GALICIA Y BUENOS AIRES S.A.U.;KYZ9Q3YZLZV9V50;49049;Cheques emitidos (3).csv;emitido
00000559;SOCIEDAD DE BENEFICENCIA HOSPITAL ITALIA;2026-06-30;;4565822,22;Aceptado;pendiente;BANCO DE GALICIA Y BUENOS AIRES S.A.U.;P68NKLPZ8LR9R7O;00000049049;Cheques emitidos (9).csv;emitido
00000474;SOCIEDAD DE BENEFICENCIA HOSPITAL ITALIA;2026-06-30;;3169089,83;Aceptado;pendiente;BANCO DE GALICIA Y BUENOS AIRES S.A.U.;GYKNXPD0RDX9MPR;00000049049;Cheques emitidos (9).csv;emitido
00000752;SANATORIO PARQUE S.A;2026-06-30;;1048988,49;Aceptado;pendiente;BANCO DE GALICIA Y BUENOS AIRES S.A.U.;ZEPN6D6YYVV2Q0M;00000049049;Cheques emitidos (9).csv;emitido
00000759;SANATORIO PARQUE S.A;2026-06-30;;1048988,5;Aceptado;pendiente;BANCO DE GALICIA Y BUENOS AIRES S.A.U.;EZ8NPE8EOXP94KV;00000049049;Cheques emitidos (9).csv;emitido
00000731;IMAGENES MEDICAS SRL;2026-06-30;;538501,48;Aceptado;pendiente;BANCO DE GALICIA Y BUENOS AIRES S.A.U.;6ZO9WZ644K595GP;00000049049;Cheques emitidos (9).csv;emitido
00000632;SOCIEDAD DE BENEFICENCIA HOSPITAL ITALIA;2026-06-30;;15051559,07;Aceptado;pendiente;BANCO DE GALICIA Y BUENOS AIRES S.A.U.;6ZO9WZXV61395GP;00000049049;Cheques emitidos (9).csv;emitido
00000744;SCM MEDICAS SA;2026-06-30;;236935,4;Aceptado;pendiente;BANCO DE GALICIA Y BUENOS AIRES S.A.U.;G7V95L477ZMNEMP;00000049049;Cheques emitidos (9).csv;emitido
00000628;CIPREM S.R.L.;2026-06-30;;5874920,12;Aceptado;pendiente;BANCO DE GALICIA Y BUENOS AIRES S.A.U.;O172VXPWGXR9KJ3;00000049049;Cheques emitidos (9).csv;emitido
00000549;CIPREM S.R.L.;2026-06-30;;6931224,1;Aceptado;pendiente;BANCO DE GALICIA Y BUENOS AIRES S.A.U.;RZP906OKP8R9EGJ;00000049049;Cheques emitidos (9).csv;emitido
00000703;CIPREM S.R.L.;2026-06-30;;4315325,24;Aceptado;pendiente;BANCO DE GALICIA Y BUENOS AIRES S.A.U.;V8794J5LP8Q2PEY;00000049049;Cheques emitidos (9).csv;emitido
00000650;CLINICA PRIVADA CARAFFA SRL;2026-06-30;;1362169,72;Aceptado;pendiente;BANCO DE GALICIA Y BUENOS AIRES S.A.U.;G0QNDZXK7E09EXY;00000049049;Cheques emitidos (9).csv;emitido
00000756;SOCIEDAD DE BENEFICENCIA HOSPITAL ITALIA;2026-06-30;;2383154,34;Aceptado;pendiente;BANCO DE GALICIA Y BUENOS AIRES S.A.U.;LMDN304770YNE7R;00000049049;Cheques emitidos (9).csv;emitido
00000615;SOLBO SAS;2026-06-30;;835406,58;Aceptado;pendiente;BANCO DE GALICIA Y BUENOS AIRES S.A.U.;XJE27MGD506N7MY;00000049049;Cheques emitidos (9).csv;emitido
00000540;SOLBO SAS;2026-06-30;;1091640,1;Aceptado;pendiente;BANCO DE GALICIA Y BUENOS AIRES S.A.U.;MKX9RQYVDD1NO6W;00000049049;Cheques emitidos (9).csv;emitido
00000458;SOLBO SAS;2026-06-30;;226272,27;Aceptado;pendiente;BANCO DE GALICIA Y BUENOS AIRES S.A.U.;LMDN36YZWG6NE7R;00000049049;Cheques emitidos (9).csv;emitido
00000590;COSEME SA;2026-06-30;;288296,84;Aceptado;pendiente;BANCO DE GALICIA Y BUENOS AIRES S.A.U.;Q619L7O01DL97JZ;00000049049;Cheques emitidos (9).csv;emitido
00000767;MERCEDES LUISA DEL VALLE TABARES;2026-06-30;;350000,0;Emitido;pendiente;BANCO DE GALICIA Y BUENOS AIRES S.A.U.;V8794JR5V002PEY;00000049049;Cheques emitidos (9).csv;emitido
00000745;SOLBO SAS;2026-06-30;;1412556,02;Aceptado;pendiente;BANCO DE GALICIA Y BUENOS AIRES S.A.U.;V8794J477642PEY;00000049049;Cheques emitidos (9).csv;emitido
509;DE LA VILLA SERVICIOS ASISTENCIALES S.A;2026-06-30;;1117543,34;Aceptado;pendiente;BANCO DE GALICIA Y BUENOS AIRES S.A.U.;V87946M1MD0NPEY;49049;Cheques emitidos (3).csv;emitido
00000681;CLINICA PRIVADA DEL SOL SA;2026-06-30;;1571684,14;Aceptado;pendiente;BANCO DE GALICIA Y BUENOS AIRES S.A.U.;MKX9RWDK8KKNO6W;00000049049;Cheques emitidos (9).csv;emitido
00000330;PROMET S.R.L.;2026-06-30;;5647705,53;Aceptado;pendiente;BANCO DE GALICIA Y BUENOS AIRES S.A.U.;P68NK0LMEDDNR7O;00000049049;Cheques emitidos (9).csv;emitido
591;DE LA VILLA SERVICIOS ASISTENCIALES S.A;2026-06-30;;758262,55;Aceptado;pendiente;BANCO DE GALICIA Y BUENOS AIRES S.A.U.;RPQ2GJVM1ZM2GLY;49049;Cheques emitidos (3).csv;emitido
00000536;SANATORIO DEL SALVADOR PRIVADO SA;2026-06-30;;5518831,74;Aceptado;pendiente;BANCO DE GALICIA Y BUENOS AIRES S.A.U.;RPQ2GZO414JNGLY;00000049049;Cheques emitidos (9).csv;emitido
00000734;INSTITUTO PRIVADO DE NEONATOLOGIA Y PEDI;2026-06-30;;5475846,71;Aceptado;pendiente;BANCO DE GALICIA Y BUENOS AIRES S.A.U.;LMDN304776YNE7R;00000049049;Cheques emitidos (9).csv;emitido
00000738;RESONANCIA MAGNETI;2026-06-30;;676745,48;Aceptado;pendiente;BANCO DE GALICIA Y BUENOS AIRES S.A.U.;XJE27M466P6N7MY;00000049049;Cheques emitidos (9).csv;emitido
00000236;PROMET S.R.L.;2026-06-30;;4025624,21;Aceptado;pendiente;BANCO DE GALICIA Y BUENOS AIRES S.A.U.;JXON13VG61G2Z64;00000049049;Cheques emitidos (9).csv;emitido
595;FUNDACION FECUNDART;2026-06-30;;216159,6;Aceptado;pendiente;BANCO DE GALICIA Y BUENOS AIRES S.A.U.;GYKNXVW0QPQ9MPR;49049;Cheques emitidos (3).csv;emitido
476;SANATORIO DEL SALVADOR PRIVADO SA;2026-06-30;;4318059,46;Aceptado;pendiente;BANCO DE GALICIA Y BUENOS AIRES S.A.U.;EZ8NPODQ1DR24KV;49049;Cheques emitidos (3).csv;emitido
600;INSTITUTO PRIVADO DE RADIOTERAPIA;2026-06-30;;2120411,7;Aceptado;pendiente;BANCO DE GALICIA Y BUENOS AIRES S.A.U.;W612EVJ61KO9GXY;49049;Cheques emitidos (3).csv;emitido
497;CAMARA DE ENTIDADES DE SALUD;2026-06-30;;7720111,71;Aceptado;pendiente;BANCO DE GALICIA Y BUENOS AIRES S.A.U.;4MR2ZVYOYXG9DEZ;49049;Cheques emitidos (3).csv;emitido
526;NEUROTEAM S.A.S.;2026-06-30;;2360297,45;Aceptado;pendiente;BANCO DE GALICIA Y BUENOS AIRES S.A.U.;W612EKG411L2GXY;49049;Cheques emitidos (3).csv;emitido
00000715;CLINICA PRIVADA JESUS MARIA DR. A.VIALE;2026-06-30;;519626,06;Anulado;anulado;BANCO DE GALICIA Y BUENOS AIRES S.A.U.;MKX9RWDK8X1NO6W;00000049049;Cheques emitidos (9).csv;emitido
00000702;CIRCULO MEDICO REG RIO III;2026-06-30;;484084,57;Anulado;anulado;BANCO DE GALICIA Y BUENOS AIRES S.A.U.;KYZ9QRLK0KQ2V50;00000049049;Cheques emitidos (9).csv;emitido
597;GRUPO OPTICO S.A.;2026-06-30;;248326,92;Aceptado;pendiente;BANCO DE GALICIA Y BUENOS AIRES S.A.U.;6DVNOQDW07125J8;49049;Cheques emitidos (3).csv;emitido
562;SINEC SA;2026-07-03;;5000000,0;Aceptado;pendiente;BANCO DE GALICIA Y BUENOS AIRES S.A.U.;JXON1ZKWYEP2Z64;49049;Cheques emitidos (3).csv;emitido
00000768;TOMAS FRANCISCO RAMOS;2026-07-09;;1105458,0;Emitido;pendiente;BANCO DE GALICIA Y BUENOS AIRES S.A.U.;MKX9RWL3KKONO6W;00000049049;Cheques emitidos (9).csv;emitido
563;SINEC SA;2026-07-09;;5000000,0;Aceptado;pendiente;BANCO DE GALICIA Y BUENOS AIRES S.A.U.;EZ8NPEXV73K94KV;49049;Cheques emitidos (3).csv;emitido
564;SINEC SA;2026-07-15;;5000000,0;Aceptado;pendiente;BANCO DE GALICIA Y BUENOS AIRES S.A.U.;P68NKGDXOYK2R7O;49049;Cheques emitidos (3).csv;emitido
565;SINEC SA;2026-07-18;;5000000,0;Aceptado;pendiente;BANCO DE GALICIA Y BUENOS AIRES S.A.U.;V8794JGPQOQ2PEY;49049;Cheques emitidos (3).csv;emitido
566;SINEC SA;2026-07-22;;5000000,0;Aceptado;pendiente;BANCO DE GALICIA Y BUENOS AIRES S.A.U.;GYKNXV1OMKK9MPR;49049;Cheques emitidos (3).csv;emitido
624;GESTSAL S.R.L.;2026-07-23;;1327760,0;Aceptado;pendiente;BANCO DE GALICIA Y BUENOS AIRES S.A.U.;4OGNY04830V90L6;49049;Cheques emitidos (3).csv;emitido
567;SINEC SA;2026-07-25;;5000000,0;Aceptado;pendiente;BANCO DE GALICIA Y BUENOS AIRES S.A.U.;ZEPN6DL4ZOW2Q0M;49049;Cheques emitidos (3).csv;emitido
603;PABLO GABRIEL MIGLIERINI;2026-07-31;;4275500,0;Aceptado;pendiente;BANCO DE GALICIA Y BUENOS AIRES S.A.U.;O172VXEZO509KJ3;49049;Cheques emitidos (3).csv;emitido
574;CAMARA DE ENTIDADES DE SALUD;2026-07-31;;10245241,99;Aceptado;pendiente;BANCO DE GALICIA Y BUENOS AIRES S.A.U.;4MR2ZJP7RZE9DEZ;49049;Cheques emitidos (3).csv;emitido
00000607;PROMET S.R.L.;2026-07-31;;2697044,27;Anulado;anulado;BANCO DE GALICIA Y BUENOS AIRES S.A.U.;W612EVJ61V59GXY;00000049049;Cheques emitidos (9).csv;emitido
618;INSTITUTO CONCI CARPINELLA SRL;2026-07-31;;7187461,15;Aceptado;pendiente;BANCO DE GALICIA Y BUENOS AIRES S.A.U.;4MR2ZJ8WQJY9DEZ;49049;Cheques emitidos (3).csv;emitido
00000596;GPAL BIOQUIMICA CLINICA SAS;2026-07-31;;1867204,6;Aceptado;pendiente;BANCO DE GALICIA Y BUENOS AIRES S.A.U.;JWV9JMLZ1MZ9QMD;00000049049;Cheques emitidos (9).csv;emitido
00000518;GPAL BIOQUIMICA CLINICA SAS;2026-07-31;;997757,02;Aceptado;pendiente;BANCO DE GALICIA Y BUENOS AIRES S.A.U.;EZ8NPOY4JJK24KV;00000049049;Cheques emitidos (9).csv;emitido
00000541;SOLBO SAS;2026-07-31;;1091640,11;Aceptado;pendiente;BANCO DE GALICIA Y BUENOS AIRES S.A.U.;LMDN36D151KNE7R;00000049049;Cheques emitidos (9).csv;emitido
592;DE LA VILLA SERVICIOS ASISTENCIALES S.A;2026-07-31;;758262,56;Aceptado;pendiente;BANCO DE GALICIA Y BUENOS AIRES S.A.U.;MKX9RW7XDWVNO6W;49049;Cheques emitidos (3).csv;emitido
560;SOCIEDAD DE BENEFICENCIA HOSPITAL ITALIA;2026-07-31;;4565822,22;Aceptado;pendiente;BANCO DE GALICIA Y BUENOS AIRES S.A.U.;JXON16Q8G6G2Z64;49049;Cheques emitidos (3).csv;emitido
568;AMPARAR S.R.L.;2026-07-31;;3141965,86;Aceptado;pendiente;BANCO DE GALICIA Y BUENOS AIRES S.A.U.;P68NKGJV1052R7O;49049;Cheques emitidos (3).csv;emitido
585;CLINICA PRIVADA INTEGRAL DE PSIQUIATRIA;2026-07-31;;2094649,95;Emitido;pendiente;BANCO DE GALICIA Y BUENOS AIRES S.A.U.;JXON1ZDL5632Z64;49049;Cheques emitidos (3).csv;emitido
602;NEUROTEAM S.A.S.;2026-07-31;;2000000,0;Aceptado;pendiente;BANCO DE GALICIA Y BUENOS AIRES S.A.U.;O172VXEZOX19KJ3;49049;Cheques emitidos (3).csv;emitido
00000633;SOCIEDAD DE BENEFICENCIA HOSPITAL ITALIA;2026-07-31;;15051559,08;Aceptado;pendiente;BANCO DE GALICIA Y BUENOS AIRES S.A.U.;W612EV76DJ59GXY;00000049049;Cheques emitidos (9).csv;emitido
00000642;CAMARA DE ENTIDADES DE SALUD;2026-07-31;;416802,3;Aceptado;pendiente;BANCO DE GALICIA Y BUENOS AIRES S.A.U.;4OGNY0MW3ER90L6;00000049049;Cheques emitidos (9).csv;emitido
629;CIPREM S.R.L.;2026-07-31;;5874920,12;Emitido;pendiente;BANCO DE GALICIA Y BUENOS AIRES S.A.U.;EZ8NPEM3VER94KV;49049;Cheques emitidos (3).csv;emitido
00000639;ECCO SA;2026-07-31;;4319369,64;Aceptado;pendiente;BANCO DE GALICIA Y BUENOS AIRES S.A.U.;EZ8NPEDKV4P94KV;00000049049;Cheques emitidos (9).csv;emitido
520;COSEME SA;2026-07-31;;2328893,45;Aceptado;pendiente;BANCO DE GALICIA Y BUENOS AIRES S.A.U.;4MR2ZVYORO09DEZ;49049;Cheques emitidos (3).csv;emitido
237;PROMET S.R.L.;2026-07-31;;4025624,21;Emitido;pendiente;BANCO DE GALICIA Y BUENOS AIRES S.A.U.;JWV9JV7QJ1R9QMD;49049;Cheques emitidos (3).csv;emitido
00000661;CE MO SA;2026-07-31;;628164,06;Emitido;pendiente;BANCO DE GALICIA Y BUENOS AIRES S.A.U.;KYZ9QRLK04V2V50;00000049049;Cheques emitidos (9).csv;emitido
00000760;COSEME SA;2026-07-31;;324680,97;Aceptado;pendiente;BANCO DE GALICIA Y BUENOS AIRES S.A.U.;O172VX6X58K9KJ3;00000049049;Cheques emitidos (9).csv;emitido
00000762;SOCIEDAD DE BENEFICENCIA HOSPITAL ITALIA;2026-07-31;;228108,56;Aceptado;pendiente;BANCO DE GALICIA Y BUENOS AIRES S.A.U.;KYZ9QR6R3W62V50;00000049049;Cheques emitidos (9).csv;emitido
00000682;DE LA VILLA SERVICIOS ASISTENCIALES S.A;2026-07-31;;914552,26;Aceptado;pendiente;BANCO DE GALICIA Y BUENOS AIRES S.A.U.;G0QNDZ8GQJE9EXY;00000049049;Cheques emitidos (9).csv;emitido
00000675;CLINICA PRIVADA DE LA CIUDAD SRL;2026-07-31;;1405082,98;Anulado;anulado;BANCO DE GALICIA Y BUENOS AIRES S.A.U.;GOW9MOZXYJMNEXD;00000049049;Cheques emitidos (9).csv;emitido
00000698;CAMARA DE ENTIDADES DE SALUD;2026-07-31;;10172796,14;Anulado;anulado;BANCO DE GALICIA Y BUENOS AIRES S.A.U.;G0QNDZ8GQKD9EXY;00000049049;Cheques emitidos (9).csv;emitido
00000757;SOCIEDAD DE BENEFICENCIA HOSPITAL ITALIA;2026-07-31;;2383154,34;Aceptado;pendiente;BANCO DE GALICIA Y BUENOS AIRES S.A.U.;GOW9MORGG48NEXD;00000049049;Cheques emitidos (9).csv;emitido
00000750;UROLIT SA;2026-07-31;;3196045,0;Emitido;pendiente;BANCO DE GALICIA Y BUENOS AIRES S.A.U.;GYKNXV644PQ9MPR;00000049049;Cheques emitidos (9).csv;emitido
00000755;PROMET S.R.L.;2026-07-31;;1029665,33;Emitido;pendiente;BANCO DE GALICIA Y BUENOS AIRES S.A.U.;GYKNXV6443Q9MPR;00000049049;Cheques emitidos (9).csv;emitido
00000749;UNIDAD DIGESTIVA BAISTROCCHI S.R.L.;2026-07-31;;299312,4;Aceptado;pendiente;BANCO DE GALICIA Y BUENOS AIRES S.A.U.;6DVNOQ6PPQ125J8;00000049049;Cheques emitidos (9).csv;emitido
00000537;SANATORIO DEL SALVADOR PRIVADO SA;2026-07-31;;5518831,74;Aceptado;pendiente;BANCO DE GALICIA Y BUENOS AIRES S.A.U.;G0QND5M484ENEXY;00000049049;Cheques emitidos (9).csv;emitido
00000739;RESONANCIA MAGNETI;2026-07-31;;676745,48;Aceptado;pendiente;BANCO DE GALICIA Y BUENOS AIRES S.A.U.;6LEN8G4MMJGNM1Y;00000049049;Cheques emitidos (9).csv;emitido
00000747;UNIVERSIDAD NACIONAL DE CORDOBA;2026-07-31;;1022902,5;Aceptado;pendiente;BANCO DE GALICIA Y BUENOS AIRES S.A.U.;G7V95L4775MNEMP;00000049049;Cheques emitidos (9).csv;emitido
00000647;SERVICIOS MEDICOS SRL;2026-07-31;;17024383,07;Aceptado;pendiente;BANCO DE GALICIA Y BUENOS AIRES S.A.U.;V8794JZ7OM42PEY;00000049049;Cheques emitidos (9).csv;emitido
00000550;CIPREM S.R.L.;2026-07-31;;6931224,11;Aceptado;pendiente;BANCO DE GALICIA Y BUENOS AIRES S.A.U.;O172V5R14Z02KJ3;00000049049;Cheques emitidos (9).csv;emitido
00000732;INSTITUTO CONCI CARPINELLA SRL;2026-07-31;;5355906,85;Aceptado;pendiente;BANCO DE GALICIA Y BUENOS AIRES S.A.U.;G0QNDZLKKZ09EXY;00000049049;Cheques emitidos (9).csv;emitido
00000735;INSTITUTO PRIVADO DE RADIOTERAPIA;2026-07-31;;4542300,0;Aceptado;pendiente;BANCO DE GALICIA Y BUENOS AIRES S.A.U.;P68NKGQKKP52R7O;00000049049;Cheques emitidos (9).csv;emitido
00000730;GRUPO OPTICO S.A.;2026-07-31;;249573,48;Aceptado;pendiente;BANCO DE GALICIA Y BUENOS AIRES S.A.U.;JWV9JM8XXM39QMD;00000049049;Cheques emitidos (9).csv;emitido
00000753;SANATORIO PARQUE S.A;2026-07-31;;1048988,5;Anulado;anulado;BANCO DE GALICIA Y BUENOS AIRES S.A.U.;V8794J477W42PEY;00000049049;Cheques emitidos (9).csv;emitido
00000743;SANATORIO MORRA SA;2026-07-31;;1094611,2;Aceptado;pendiente;BANCO DE GALICIA Y BUENOS AIRES S.A.U.;W612EVDWWQO9GXY;00000049049;Cheques emitidos (9).csv;emitido
00000668;FIDEICOMISO CHUTRO;2026-07-31;;4734073,04;Aceptado;pendiente;BANCO DE GALICIA Y BUENOS AIRES S.A.U.;LMDN305JKGKNE7R;00000049049;Cheques emitidos (9).csv;emitido
00000688;FEDERACION DE BIOQUIMICOS DE LA PCIA DE;2026-07-31;;2105536,0;Aceptado;pendiente;BANCO DE GALICIA Y BUENOS AIRES S.A.U.;GYKNXVQEOWK9MPR;00000049049;Cheques emitidos (9).csv;emitido
00000666;CIPREM S.R.L.;2026-07-31;;4315325,24;Anulado;anulado;BANCO DE GALICIA Y BUENOS AIRES S.A.U.;P68NKG13XVK2R7O;00000049049;Cheques emitidos (9).csv;emitido
00000699;CE MO SA;2026-07-31;;628164,06;Anulado;anulado;BANCO DE GALICIA Y BUENOS AIRES S.A.U.;6DVNOQ01Z1G25J8;00000049049;Cheques emitidos (9).csv;emitido
00000726;FEDERACION DE BIOQUIMICOS DE LA PCIA DE;2026-07-31;;2105536,0;Anulado;anulado;BANCO DE GALICIA Y BUENOS AIRES S.A.U.;6DVNOQ01ZPG25J8;00000049049;Cheques emitidos (9).csv;emitido
331;PROMET S.R.L.;2026-07-31;;5647705,54;Emitido;pendiente;BANCO DE GALICIA Y BUENOS AIRES S.A.U.;XJE27K07YXO97MY;49049;Cheques emitidos (3).csv;emitido
00000704;CIPREM S.R.L.;2026-07-31;;4315325,24;Emitido;pendiente;BANCO DE GALICIA Y BUENOS AIRES S.A.U.;4MR2ZJRKQP09DEZ;00000049049;Cheques emitidos (9).csv;emitido
289;PABLO GABRIEL MIGLIERINI;2026-07-31;;8086005,0;Aceptado;pendiente;BANCO DE GALICIA Y BUENOS AIRES S.A.U.;JWV9JVJ650M9QMD;49049;Cheques emitidos (3).csv;emitido
00000658;ASOCIACION PRESTADORES DE HEMODIALISIS Y;2026-07-31;;15121860,0;Emitido;pendiente;BANCO DE GALICIA Y BUENOS AIRES S.A.U.;EZ8NPEJKVQK94KV;00000049049;Cheques emitidos (9).csv;emitido
448;PROMET S.R.L.;2026-07-31;;2254046,34;Emitido;pendiente;BANCO DE GALICIA Y BUENOS AIRES S.A.U.;LMDN36YZWVKNE7R;49049;Cheques emitidos (3).csv;emitido
00000684;ECCO SA;2026-07-31;;3633832,93;Aceptado;pendiente;BANCO DE GALICIA Y BUENOS AIRES S.A.U.;V8794J5LP0Q2PEY;00000049049;Cheques emitidos (9).csv;emitido
00000722;ECCO SA;2026-07-31;;3633832,93;Aceptado;pendiente;BANCO DE GALICIA Y BUENOS AIRES S.A.U.;XJE27M58Y6EN7MY;00000049049;Cheques emitidos (9).csv;emitido
487;ERREPAR SA;2026-07-31;;80781,04;Aceptado;pendiente;BANCO DE GALICIA Y BUENOS AIRES S.A.U.;4OGNYZODREV90L6;49049;Cheques emitidos (3).csv;emitido
492;AMPARAR S.R.L.;2026-07-31;;1841757,56;Aceptado;pendiente;BANCO DE GALICIA Y BUENOS AIRES S.A.U.;RPQ2GZO4O8GNGLY;49049;Cheques emitidos (3).csv;emitido
00000713;CLINICA PRIVADA DE LA CIUDAD SRL;2026-07-31;;1405082,98;Aceptado;pendiente;BANCO DE GALICIA Y BUENOS AIRES S.A.U.;LMDN305JKXKNE7R;00000049049;Cheques emitidos (9).csv;emitido
529;PABLO GABRIEL MIGLIERINI;2026-07-31;;4275500,0;Aceptado;pendiente;BANCO DE GALICIA Y BUENOS AIRES S.A.U.;G7V95ZG1YYD2EMP;49049;Cheques emitidos (3).csv;emitido
00000660;CAMARA DE ENTIDADES DE SALUD;2026-07-31;;10172796,14;Aceptado;pendiente;BANCO DE GALICIA Y BUENOS AIRES S.A.U.;G0QNDZ8GQWD9EXY;00000049049;Cheques emitidos (9).csv;emitido
00000696;ASOCIACION PRESTADORES DE HEMODIALISIS Y;2026-07-31;;15121860,0;Anulado;anulado;BANCO DE GALICIA Y BUENOS AIRES S.A.U.;RZP90X4ZRG62EGJ;00000049049;Cheques emitidos (9).csv;emitido
00000720;DE LA VILLA SERVICIOS ASISTENCIALES S.A;2026-07-31;;914552,26;Aceptado;pendiente;BANCO DE GALICIA Y BUENOS AIRES S.A.U.;GYKNXVQEO4X9MPR;00000049049;Cheques emitidos (9).csv;emitido
00000766;SANATORIO DEL SALVADOR PRIVADO SA;2026-07-31;;571793,11;Aceptado;pendiente;BANCO DE GALICIA Y BUENOS AIRES S.A.U.;GYKNXV8QD0W9MPR;00000049049;Cheques emitidos (9).csv;emitido
00000690;COSEME SA;2026-07-31;;3506678,42;Aceptado;pendiente;BANCO DE GALICIA Y BUENOS AIRES S.A.U.;RPQ2GJ1EWDJ2GLY;00000049049;Cheques emitidos (9).csv;emitido
00000706;FIDEICOMISO CHUTRO;2026-07-31;;4734073,04;Anulado;anulado;BANCO DE GALICIA Y BUENOS AIRES S.A.U.;O172VXOKGED9KJ3;00000049049;Cheques emitidos (9).csv;emitido
00000728;COSEME SA;2026-07-31;;3506678,42;Anulado;anulado;BANCO DE GALICIA Y BUENOS AIRES S.A.U.;XJE27M58Y8EN7MY;00000049049;Cheques emitidos (9).csv;emitido
00000611;SANATORIO DEL SALVADOR PRIVADO SA;2026-07-31;;2168249,46;Aceptado;pendiente;BANCO DE GALICIA Y BUENOS AIRES S.A.U.;6ZO9WZ1V3K595GP;00000049049;Cheques emitidos (9).csv;emitido
00000691;COSEME SA;2026-08-31;;3506678,42;Aceptado;pendiente;BANCO DE GALICIA Y BUENOS AIRES S.A.U.;EZ8NPEJKVWK94KV;00000049049;Cheques emitidos (9).csv;emitido
00000721;DE LA VILLA SERVICIOS ASISTENCIALES S.A;2026-08-31;;914552,26;Aceptado;pendiente;BANCO DE GALICIA Y BUENOS AIRES S.A.U.;G7V95LY6X7RNEMP;00000049049;Cheques emitidos (9).csv;emitido
488;ERREPAR SA;2026-08-31;;80781,06;Aceptado;pendiente;BANCO DE GALICIA Y BUENOS AIRES S.A.U.;P68NKLM8D1Z9R7O;49049;Cheques emitidos (3).csv;emitido
00000758;SOCIEDAD DE BENEFICENCIA HOSPITAL ITALIA;2026-08-31;;2383154,35;Aceptado;pendiente;BANCO DE GALICIA Y BUENOS AIRES S.A.U.;RPQ2GJGXXJM2GLY;00000049049;Cheques emitidos (9).csv;emitido
00000763;SOCIEDAD DE BENEFICENCIA HOSPITAL ITALIA;2026-08-31;;228108,56;Aceptado;pendiente;BANCO DE GALICIA Y BUENOS AIRES S.A.U.;RZP90XWX6JY2EGJ;00000049049;Cheques emitidos (9).csv;emitido
449;PROMET S.R.L.;2026-08-31;;2254046,34;Emitido;pendiente;BANCO DE GALICIA Y BUENOS AIRES S.A.U.;MKX9RQ3G514NO6W;49049;Cheques emitidos (3).csv;emitido
00000727;GPAL BIOQUIMICA CLINICA SAS;2026-08-31;;762199,9;Aceptado;pendiente;BANCO DE GALICIA Y BUENOS AIRES S.A.U.;4OGNY0EW34V90L6;00000049049;Cheques emitidos (9).csv;emitido
00000669;FIDEICOMISO CHUTRO;2026-08-31;;4734073,04;Aceptado;pendiente;BANCO DE GALICIA Y BUENOS AIRES S.A.U.;4MR2ZJRKQ709DEZ;00000049049;Cheques emitidos (9).csv;emitido
00000761;COSEME SA;2026-08-31;;324680,97;Aceptado;pendiente;BANCO DE GALICIA Y BUENOS AIRES S.A.U.;4MR2ZJ6JVL89DEZ;00000049049;Cheques emitidos (9).csv;emitido
00000748;UNIVERSIDAD NACIONAL DE CORDOBA;2026-08-31;;1022902,5;Aceptado;pendiente;BANCO DE GALICIA Y BUENOS AIRES S.A.U.;4MR2ZJ688JE9DEZ;00000049049;Cheques emitidos (9).csv;emitido
00000741;SANATORIO DEL SALVADOR PRIVADO SA;2026-08-31;;3000942,07;Aceptado;pendiente;BANCO DE GALICIA Y BUENOS AIRES S.A.U.;O172VX6PP509KJ3;00000049049;Cheques emitidos (9).csv;emitido
00000648;SERVICIOS MEDICOS SRL;2026-08-31;;17024383,07;Aceptado;pendiente;BANCO DE GALICIA Y BUENOS AIRES S.A.U.;4OGNY0V48YY90L6;00000049049;Cheques emitidos (9).csv;emitido
00000705;CIPREM S.R.L.;2026-08-31;;4315325,25;Emitido;pendiente;BANCO DE GALICIA Y BUENOS AIRES S.A.U.;6LEN8G5817ONM1Y;00000049049;Cheques emitidos (9).csv;emitido
00000662;CE MO SA;2026-08-31;;628164,07;Emitido;pendiente;BANCO DE GALICIA Y BUENOS AIRES S.A.U.;JWV9JM17PZ89QMD;00000049049;Cheques emitidos (9).csv;emitido
00000685;ECCO SA;2026-08-31;;3633832,94;Aceptado;pendiente;BANCO DE GALICIA Y BUENOS AIRES S.A.U.;GOW9MOZXY1YNEXD;00000049049;Cheques emitidos (9).csv;emitido
00000723;ECCO SA;2026-08-31;;3633832,94;Aceptado;pendiente;BANCO DE GALICIA Y BUENOS AIRES S.A.U.;V8794J5LP7D2PEY;00000049049;Cheques emitidos (9).csv;emitido
00000654;AMPARAR S.R.L.;2026-08-31;;2678496,13;Aceptado;pendiente;BANCO DE GALICIA Y BUENOS AIRES S.A.U.;6LEN8G581PONM1Y;00000049049;Cheques emitidos (9).csv;emitido
00000729;COSEME SA;2026-08-31;;3506678,42;Anulado;anulado;BANCO DE GALICIA Y BUENOS AIRES S.A.U.;6LEN8G581M4NM1Y;00000049049;Cheques emitidos (9).csv;emitido
00000707;FIDEICOMISO CHUTRO;2026-08-31;;4734073,04;Anulado;anulado;BANCO DE GALICIA Y BUENOS AIRES S.A.U.;O172VXOKGZR9KJ3;00000049049;Cheques emitidos (9).csv;emitido
00000608;PROMET S.R.L.;2026-08-31;;2697044,27;Anulado;anulado;BANCO DE GALICIA Y BUENOS AIRES S.A.U.;6ZO9WZ1V3Z395GP;00000049049;Cheques emitidos (9).csv;emitido
630;CIPREM S.R.L.;2026-08-31;;5874920,13;Emitido;pendiente;BANCO DE GALICIA Y BUENOS AIRES S.A.U.;G0QNDZK7QZD9EXY;49049;Cheques emitidos (3).csv;emitido
00000700;CE MO SA;2026-08-31;;628164,07;Anulado;anulado;BANCO DE GALICIA Y BUENOS AIRES S.A.U.;JWV9JM17PXM9QMD;00000049049;Cheques emitidos (9).csv;emitido
00000689;GPAL BIOQUIMICA CLINICA SAS;2026-08-31;;762199,9;Anulado;anulado;BANCO DE GALICIA Y BUENOS AIRES S.A.U.;RPQ2GJ1EWXL2GLY;00000049049;Cheques emitidos (9).csv;emitido
00000667;CIPREM S.R.L.;2026-08-31;;4315325,25;Anulado;anulado;BANCO DE GALICIA Y BUENOS AIRES S.A.U.;4OGNY0EW3GM90L6;00000049049;Cheques emitidos (9).csv;emitido
00000692;AMPARAR S.R.L.;2026-08-31;;2678496,13;Anulado;anulado;BANCO DE GALICIA Y BUENOS AIRES S.A.U.;O172VXOKGZD9KJ3;00000049049;Cheques emitidos (9).csv;emitido
00000612;SANATORIO DEL SALVADOR PRIVADO SA;2026-08-31;;2168249,46;Aceptado;pendiente;BANCO DE GALICIA Y BUENOS AIRES S.A.U.;G0QNDZJW8509EXY;00000049049;Cheques emitidos (9).csv;emitido
604;PABLO GABRIEL MIGLIERINI;2026-08-31;;4275500,01;Aceptado;pendiente;BANCO DE GALICIA Y BUENOS AIRES S.A.U.;MKX9RW7XDQENO6W;49049;Cheques emitidos (3).csv;emitido
00000634;SOCIEDAD DE BENEFICENCIA HOSPITAL ITALIA;2026-08-31;;15051559,08;Aceptado;pendiente;BANCO DE GALICIA Y BUENOS AIRES S.A.U.;MKX9RW3X67VNO6W;00000049049;Cheques emitidos (9).csv;emitido
569;AMPARAR S.R.L.;2026-08-31;;3141965,87;Aceptado;pendiente;BANCO DE GALICIA Y BUENOS AIRES S.A.U.;EZ8NPEWQJG494KV;49049;Cheques emitidos (3).csv;emitido
00000683;DE LA VILLA SERVICIOS ASISTENCIALES S.A;2026-08-31;;914552,26;Aceptado;pendiente;BANCO DE GALICIA Y BUENOS AIRES S.A.U.;RZP90X4ZR542EGJ;00000049049;Cheques emitidos (9).csv;emitido
00000751;UROLIT SA;2026-08-31;;3196045,0;Emitido;pendiente;BANCO DE GALICIA Y BUENOS AIRES S.A.U.;W612EVDWWKO9GXY;00000049049;Cheques emitidos (9).csv;emitido
00000733;INSTITUTO CONCI CARPINELLA SRL;2026-08-31;;5355906,85;Aceptado;pendiente;BANCO DE GALICIA Y BUENOS AIRES S.A.U.;6ZO9WZ644O595GP;00000049049;Cheques emitidos (9).csv;emitido
00000708;FIDEICOMISO CHUTRO;2026-09-30;;4734073,04;Aceptado;pendiente;BANCO DE GALICIA Y BUENOS AIRES S.A.U.;JWV9JM17PL89QMD;00000049049;Cheques emitidos (9).csv;emitido
00000764;SOCIEDAD DE BENEFICENCIA HOSPITAL ITALIA;2026-09-30;;228108,56;Aceptado;pendiente;BANCO DE GALICIA Y BUENOS AIRES S.A.U.;Q619L7E7DLV97JZ;00000049049;Cheques emitidos (9).csv;emitido
00000655;AMPARAR S.R.L.;2026-09-30;;2678496,13;Aceptado;pendiente;BANCO DE GALICIA Y BUENOS AIRES S.A.U.;Q619L71M4Y897JZ;00000049049;Cheques emitidos (9).csv;emitido
00000670;FIDEICOMISO CHUTRO;2026-09-30;;4734073,04;Anulado;anulado;BANCO DE GALICIA Y BUENOS AIRES S.A.U.;JXON1Z5VWLP2Z64;00000049049;Cheques emitidos (9).csv;emitido
00000742;SANATORIO DEL SALVADOR PRIVADO SA;2026-09-30;;3000942,07;Aceptado;pendiente;BANCO DE GALICIA Y BUENOS AIRES S.A.U.;G0QNDZLKK309EXY;00000049049;Cheques emitidos (9).csv;emitido
00000693;AMPARAR S.R.L.;2026-09-30;;2678496,13;Anulado;anulado;BANCO DE GALICIA Y BUENOS AIRES S.A.U.;4MR2ZJRKQ7Y9DEZ;00000049049;Cheques emitidos (9).csv;emitido
00000709;FIDEICOMISO CHUTRO;2026-10-31;;4734073,04;Anulado;anulado;BANCO DE GALICIA Y BUENOS AIRES S.A.U.;LMDN305JK7XNE7R;00000049049;Cheques emitidos (9).csv;emitido
00000671;FIDEICOMISO CHUTRO;2026-10-31;;4734073,04;Aceptado;pendiente;BANCO DE GALICIA Y BUENOS AIRES S.A.U.;4OGNY0EW31M90L6;00000049049;Cheques emitidos (9).csv;emitido
00000672;FIDEICOMISO CHUTRO;2026-11-30;;4734073,04;Anulado;anulado;BANCO DE GALICIA Y BUENOS AIRES S.A.U.;O172VXOKGPR9KJ3;00000049049;Cheques emitidos (9).csv;emitido
00000710;FIDEICOMISO CHUTRO;2026-11-30;;4734073,04;Aceptado;pendiente;BANCO DE GALICIA Y BUENOS AIRES S.A.U.;W612EV1XEWW9GXY;00000049049;Cheques emitidos (9).csv;emitido
